Episode,Reward,Steps,Epsilon,Loss
0,6.625,168,0.995,0
1,5.625,69,0.990025,0
2,9.5,48,0.985074875,0
3,14.375,80,0.9801495006250001,0
4,15.5,96,0.9752487531218751,0
5,3.625,113,0.9703725093562657,0
6,27.625,82,0.9655206468094844,0
7,-11.0,116,0.960693043575437,0
8,11.125,82,0.9558895783575597,0
9,14.5,84,0.9511101304657719,0
10,-0.625,167,0.946354579813443,0
11,8.75,115,0.9416228069143757,0
12,22.125,67,0.9369146928798039,0
13,18.5,43,0.9322301194154049,0
14,8.75,69,0.9275689688183278,0
15,19.625,67,0.9229311239742362,0
16,11.125,64,0.918316468354365,0
17,8.625,60,0.9137248860125932,0
18,34.0,145,0.9091562615825302,0
19,9.5,37,0.9046104802746175,0
20,18.625,55,0.9000874278732445,0
21,18.5,109,0.8955869907338783,0
22,-6.625,88,0.8911090557802088,0
23,14.5,46,0.8866535105013078,0
24,9.625,126,0.8822202429488013,0
25,12.75,58,0.8778091417340573,0
26,-0.75,44,0.8734200960253871,0
27,23.625,61,0.8690529955452602,0
28,26.25,76,0.8647077305675338,0
29,4.625,69,0.8603841919146962,0
30,16.375,81,0.8560822709551227,0
31,7.625,29,0.851801859600347,0
32,24.5,81,0.8475428503023453,0
33,13.5,69,0.8433051360508336,0
34,31.5,77,0.8390886103705794,0
35,9.375,24,0.8348931673187264,0
36,25.25,110,0.8307187014821328,0
37,9.0,117,0.8265651079747222,0
38,-1.75,61,0.8224322824348486,0
39,14.5,36,0.8183201210226743,0
40,4.25,88,0.8142285204175609,0
41,9.0,78,0.810157377815473,0
42,-9.875,88,0.8061065909263957,0
43,28.75,198,0.8020760579717637,0
44,15.25,58,0.798065677681905,0
45,23.25,67,0.7940753492934954,0
46,27.875,109,0.7901049725470279,0
47,18.75,77,0.7861544476842928,0
48,20.0,70,0.7822236754458713,0
49,16.5,94,0.778312557068642,0
50,11.5,66,0.7744209942832988,0
51,5.875,70,0.7705488893118823,0
52,13.75,47,0.7666961448653229,0
53,40.125,159,0.7628626641409962,0
54,16.875,44,0.7590483508202912,0
55,14.625,32,0.7552531090661897,0
56,24.625,71,0.7514768435208588,0
57,6.5,54,0.7477194593032545,0
58,27.75,105,0.7439808620067382,0
59,2.625,132,0.7402609576967045,0
60,11.125,54,0.736559652908221,0
61,18.125,75,0.7328768546436799,0
62,26.25,117,0.7292124703704616,0
63,33.625,71,0.7255664080186093,0
64,22.5,78,0.7219385759785162,0
65,22.875,132,0.7183288830986236,0
66,46.75,82,0.7147372386831305,0
67,13.0,79,0.7111635524897149,0
68,21.625,60,0.7076077347272662,0
69,26.0,90,0.7040696960536299,0
70,18.625,52,0.7005493475733617,0
71,18.75,43,0.697046600835495,0
72,27.25,107,0.6935613678313175,0
73,38.75,94,0.6900935609921609,0
74,37.75,91,0.6866430931872001,0
75,3.0,114,0.6832098777212641,0
76,19.375,52,0.6797938283326578,0
77,32.875,136,0.6763948591909945,0
78,27.125,97,0.6730128848950395,0
79,16.0,39,0.6696478204705644,0
80,13.625,55,0.6662995813682115,0
81,20.125,80,0.6629680834613705,0
82,31.75,103,0.6596532430440636,0
83,39.25,72,0.6563549768288433,0
84,20.75,83,0.653073201944699,0
85,33.125,177,0.6498078359349755,0
86,16.5,142,0.6465587967553006,0
87,6.875,179,0.6433260027715241,0
88,37.875,102,0.6401093727576664,0
89,32.25,93,0.6369088258938781,0
90,5.75,62,0.6337242817644086,0
91,37.625,148,0.6305556603555866,0
92,57.125,148,0.6274028820538087,0
93,12.375,109,0.6242658676435396,0
94,28.375,104,0.6211445383053219,0
95,15.0,46,0.6180388156137953,0
96,15.0,99,0.6149486215357263,0
97,12.5,67,0.6118738784280476,0
98,18.5,110,0.6088145090359074,0
99,20.5,62,0.6057704364907278,0
100,21.125,79,0.6027415843082742,0
101,17.75,75,0.5997278763867329,0
102,37.75,109,0.5967292370047992,0
103,32.125,126,0.5937455908197752,0
104,21.5,60,0.5907768628656763,0
105,96.75,266,0.5878229785513479,0
106,18.125,97,0.5848838636585911,0
107,19.75,84,0.5819594443402982,0
108,32.25,126,0.5790496471185967,0
109,7.0,109,0.5761543988830038,0
110,22.375,51,0.5732736268885887,0
111,22.75,82,0.5704072587541458,0
112,12.0,100,0.567555222460375,0
113,43.25,103,0.5647174463480732,0
114,28.125,221,0.5618938591163328,0
115,44.375,124,0.5590843898207511,0
116,40.125,144,0.5562889678716474,0
117,38.25,125,0.5535075230322891,0
118,29.875,147,0.5507399854171277,0
119,38.75,106,0.547986285490042,0
120,46.0,91,0.5452463540625918,0
121,25.625,78,0.5425201222922789,0
122,24.0,108,0.5398075216808175,0
123,59.875,168,0.5371084840724134,0
124,21.25,87,0.5344229416520513,0
125,34.5,79,0.531750826943791,0
126,38.875,121,0.5290920728090721,0
127,5.25,97,0.5264466124450268,0
128,59.5,203,0.5238143793828016,0
129,18.0,98,0.5211953074858876,0
130,26.625,100,0.5185893309484582,0
131,50.0,119,0.5159963842937159,0
132,35.25,130,0.5134164023722473,0
133,26.25,87,0.510849320360386,0
134,30.375,108,0.5082950737585841,0
135,16.25,56,0.5057535983897912,0
136,28.875,126,0.5032248303978422,0
137,19.0,64,0.500708706245853,0
138,36.75,91,0.4982051627146237,0
139,43.0,118,0.49571413690105054,0
140,9.625,43,0.4932355662165453,0
141,26.875,86,0.4907693883854626,0
142,46.0,96,0.4883155414435353,0
143,44.5,161,0.4858739637363176,0
144,16.0,75,0.483444593917636,0
145,21.25,73,0.4810273709480478,0
146,18.0,69,0.47862223409330756,0
147,20.375,80,0.47622912292284103,0
148,28.875,94,0.4738479773082268,0
149,23.75,100,0.47147873742168567,0
150,16.625,78,0.46912134373457726,0
151,74.125,266,0.46677573701590436,0
152,77.0,188,0.46444185833082485,0
153,-9.5,156,0.46211964903917074,0
154,71.5,218,0.4598090507939749,0
155,24.0,101,0.457510005540005,0
156,52.625,97,0.45522245551230495,0
157,52.75,114,0.4529463432347434,0
158,72.625,156,0.4506816115185697,0
159,37.625,189,0.4484282034609769,0
160,14.375,119,0.446186062443672,0
161,47.25,114,0.4439551321314536,0
162,0.25,207,0.4417353564707963,0
163,42.875,122,0.43952667968844233,0
164,51.875,123,0.43732904629000013,0
165,58.25,150,0.4351424010585501,0
166,32.0,138,0.43296668905325736,0
167,40.625,104,0.43080185560799106,0
168,34.5,97,0.4286478463299511,0
169,52.375,175,0.42650460709830135,0
170,22.375,73,0.42437208406280985,0
171,55.0,234,0.4222502236424958,0
172,156.125,348,0.42013897252428334,0
173,27.25,80,0.4180382776616619,0
174,34.75,97,0.4159480862733536,0
175,25.125,94,0.41386834584198684,0
176,41.0,260,0.4117990041127769,0
177,39.625,118,0.40974000909221303,0
178,32.125,143,0.40769130904675194,0
179,16.375,79,0.40565285250151817,0
180,45.0,158,0.4036245882390106,0
181,57.75,143,0.4016064652978155,0
182,50.125,169,0.3995984329713264,0
183,46.625,192,0.3976004408064698,0
184,1.125,207,0.39561243860243744,0
185,62.625,116,0.3936343764094253,0
186,38.0,137,0.39166620452737816,0
187,31.5,127,0.3897078735047413,0
188,59.0,129,0.3877593341372176,0
189,31.0,66,0.3858205374665315,0
190,18.375,78,0.38389143477919885,0
191,33.375,122,0.3819719776053028,0
192,43.5,145,0.3800621177172763,0
193,42.375,172,0.37816180712868996,0
194,52.125,232,0.37627099809304654,0
195,30.625,199,0.3743896431025813,0
196,60.5,159,0.37251769488706843,0
197,73.75,172,0.3706551064126331,0
198,11.75,71,0.36880183088056995,0
199,9.5,89,0.3669578217261671,0
200,25.625,177,0.36512303261753626,0
201,47.5,226,0.3632974174544486,0
202,38.25,157,0.3614809303671764,0
203,24.25,93,0.3596735257153405,0
204,34.875,193,0.3578751580867638,0
205,13.375,153,0.35608578229633,0
206,81.5,241,0.3543053533848483,0
207,120.75,223,0.35253382661792404,0
208,25.5,54,0.3507711574848344,0
209,73.25,273,0.34901730169741024,0
210,59.375,287,0.3472722151889232,0
211,61.75,151,0.3455358541129786,0
212,68.0,180,0.3438081748424137,0
213,87.375,182,0.3420891339682016,0
214,37.25,169,0.3403786882983606,0
215,45.625,102,0.3386767948568688,0
216,74.0,259,0.33698341088258443,0
217,22.75,63,0.3352984938281715,0
218,41.75,156,0.33362200135903064,0
219,55.375,118,0.33195389135223546,0
220,62.75,172,0.3302941218954743,0
221,65.75,257,0.32864265128599696,0
222,24.5,153,0.326999438029567,0
223,28.25,91,0.3253644408394192,0
224,47.375,116,0.3237376186352221,0
225,63.375,236,0.322118930542046,0
226,45.375,169,0.32050833588933575,0
227,48.25,129,0.31890579420988907,0
228,70.875,410,0.3173112652388396,0
229,49.875,123,0.3157247089126454,0
230,38.25,214,0.3141460853680822,0
231,43.75,309,0.3125753549412418,0
232,123.375,417,0.31101247816653554,0
233,65.625,146,0.30945741577570285,0
234,76.0,180,0.3079101286968243,0
235,47.625,247,0.3063705780533402,0
236,70.75,187,0.30483872516307353,0
237,27.375,91,0.3033145315372582,0
238,30.5,132,0.3017979588795719,0
239,73.375,152,0.30028896908517405,0
240,134.5,434,0.2987875242397482,0
241,58.5,115,0.29729358661854943,0
242,71.875,168,0.29580711868545667,0
243,18.625,171,0.2943280830920294,0
244,81.375,208,0.29285644267656924,0
245,101.0,261,0.2913921604631864,0
246,137.0,239,0.28993519966087045,0
247,31.125,90,0.2884855236625661,0
248,36.5,128,0.28704309604425327,0
249,35.5,145,0.285607880564032,0
250,61.75,214,0.28417984116121187,0
251,59.625,221,0.2827589419554058,0
252,23.0,129,0.28134514724562876,0
253,52.625,220,0.2799384215094006,0
254,52.75,209,0.27853872940185365,0
255,30.0,272,0.27714603575484437,0
256,61.75,171,0.2757603055760701,0
257,37.375,95,0.2743815040481898,0
258,90.5,351,0.2730095965279488,0
259,71.875,333,0.27164454854530906,0
260,70.625,157,0.2702863258025825,0
261,33.625,68,0.2689348941735696,0
262,155.25,410,0.26759021970270175,0
263,43.875,163,0.2662522686041882,0
264,109.375,365,0.2649210072611673,0
265,43.5,160,0.26359640222486147,0
266,79.125,192,0.26227842021373715,0
267,71.0,251,0.2609670281126685,0
268,43.5,366,0.25966219297210513,0
269,134.0,285,0.2583638820072446,0
270,48.0,113,0.2570720625972084,0
271,169.75,431,0.25578670228422234,0
272,126.625,552,0.25450776877280124,0
273,144.75,248,0.2532352299289372,0
274,25.875,175,0.2519690537792925,0
275,20.5,128,0.2507092085103961,0
276,70.75,210,0.2494556624678441,0
277,111.0,203,0.24820838415550486,0
278,103.625,341,0.24696734223472733,0
279,114.5,365,0.2457325055235537,0
280,43.5,193,0.24450384299593592,0
281,31.125,65,0.24328132378095624,0
282,55.75,202,0.24206491716205145,0
283,70.375,129,0.2408545925762412,0
284,92.875,313,0.23965031961336,0
285,37.875,115,0.2384520680152932,0
286,55.5,193,0.23725980767521673,0
287,102.0,297,0.23607350863684065,0
288,46.75,169,0.23489314109365644,0
289,49.75,140,0.23371867538818816,0
290,30.5,224,0.23255008201124722,0
291,82.875,174,0.231387331601191,0
292,44.125,88,0.23023039494318503,0
293,60.0,113,0.2290792429684691,0
294,26.0,124,0.22793384675362674,0
295,55.875,316,0.22679417751985861,0
296,49.375,153,0.22566020663225933,0
297,76.125,175,0.22453190559909803,0
298,53.5,161,0.22340924607110255,0
299,64.875,192,0.22229219984074702,0
300,53.0,222,0.2211807388415433,0
301,89.625,311,0.22007483514733558,0
302,71.625,267,0.2189744609715989,0
303,114.25,297,0.2178795886667409,0
304,154.875,401,0.2167901907234072,0
305,47.375,154,0.21570623976979014,0
306,66.5,188,0.21462770857094118,0
307,59.875,229,0.21355457002808648,0
308,51.75,261,0.21248679717794605,0
309,126.625,319,0.21142436319205632,0
310,93.125,253,0.21036724137609603,0
311,91.5,345,0.20931540516921554,0
312,66.375,199,0.20826882814336947,0
313,63.75,339,0.20722748400265262,0
314,56.625,191,0.20619134658263935,0
315,75.0,378,0.20516038984972615,0
316,102.375,298,0.2041345879004775,0
317,90.0,444,0.2031139149609751,0
318,54.75,145,0.20209834538617025,0
319,188.5,474,0.2010878536592394,0
320,180.0,487,0.2000824143909432,0
321,40.0,212,0.19908200231898848,0
322,66.25,218,0.19808659230739353,0
323,152.25,470,0.19709615934585656,0
324,103.75,311,0.19611067854912728,0
325,70.375,132,0.19513012515638165,0
326,147.5,453,0.19415447453059972,0
327,88.25,413,0.19318370215794672,0
328,164.0,514,0.192217783647157,0
329,93.0,260,0.1912566947289212,0
330,107.125,259,0.1903004112552766,0
331,322.75,787,0.18934890919900021,0
332,144.375,456,0.18840216465300522,0
333,131.0,622,0.18746015382974018,0
334,124.75,332,0.1865228530605915,0
335,45.75,133,0.18559023879528855,0
336,52.75,147,0.1846622876013121,0
337,65.125,191,0.18373897616330553,0
338,31.0,200,0.182820281282489,0
339,71.0,272,0.18190617987607657,0
340,88.375,226,0.18099664897669618,0
341,42.75,191,0.1800916657318127,0
342,40.25,197,0.17919120740315364,0
343,92.125,204,0.17829525136613786,0
344,23.0,148,0.17740377510930716,0
345,74.0,173,0.17651675623376062,0
346,144.5,468,0.1756341724525918,0
347,83.25,517,0.17475600159032884,0
348,55.375,150,0.17388222158237718,0
349,89.875,230,0.1730128104744653,0
350,112.5,404,0.17214774642209296,0
351,28.75,199,0.1712870076899825,0
352,18.0,55,0.17043057265153258,0
353,68.125,292,0.16957841978827493,0
354,96.625,239,0.16873052768933355,0
355,61.125,178,0.1678868750508869,0
356,51.25,149,0.16704744067563246,0
357,268.875,595,0.1662122034722543,0
358,36.25,91,0.16538114245489302,0
359,120.875,339,0.16455423674261854,0
360,94.125,333,0.16373146555890544,0
361,191.5,331,0.16291280823111093,0
362,140.0,603,0.16209824418995536,0
363,154.875,368,0.16128775296900558,0
364,117.5,263,0.16048131420416054,0
365,56.0,186,0.15967890763313974,0
366,305.625,735,0.15888051309497406,0
367,216.5,552,0.1580861105294992,0
368,147.625,399,0.1572956799768517,0
369,158.75,349,0.15650920157696743,0
370,156.875,598,0.1557266555690826,0
371,78.875,257,0.1549480222912372,0
372,80.625,251,0.15417328217978102,0
373,39.375,185,0.1534024157688821,0
374,216.875,608,0.1526354036900377,0
375,60.5,152,0.1518722266715875,0
376,154.0,767,0.15111286553822956,0
377,121.0,365,0.15035730121053842,0
378,96.75,244,0.14960551470448571,0
379,140.0,400,0.14885748713096328,0
380,73.0,214,0.14811319969530845,0
381,61.625,221,0.1473726336968319,0
382,89.75,357,0.14663577052834775,0
383,62.5,438,0.14590259167570602,0
384,129.125,302,0.1451730787173275,0
385,102.0,396,0.14444721332374086,0
386,53.125,197,0.14372497725712216,0
387,258.625,517,0.14300635237083656,0
388,279.875,1007,0.14229132060898236,0
389,335.5,1014,0.14157986400593744,0
390,130.75,426,0.14087196468590776,0
391,21.875,360,0.14016760486247823,0
392,89.0,287,0.13946676683816583,0
393,237.25,703,0.138769433003975,0
394,100.75,371,0.13807558583895513,0
395,75.25,305,0.13738520790976036,0
396,197.375,447,0.13669828187021155,0
397,90.5,425,0.13601479046086049,0
398,124.125,342,0.1353347165085562,0
399,173.5,425,0.1346580429260134,0
400,140.125,568,0.13398475271138335,0
401,176.75,430,0.13331482894782642,0
402,200.375,533,0.13264825480308728,0
403,106.25,252,0.13198501352907185,0
404,130.0,309,0.1313250884614265,0
405,114.0,208,0.13066846301911936,0
406,54.125,461,0.13001512070402377,0
407,36.375,313,0.12936504510050365,0
408,148.875,389,0.12871821987500112,0
409,5.625,197,0.12807462877562611,0
410,60.125,554,0.12743425563174798,0
411,249.125,923,0.12679708435358925,0
412,254.75,671,0.1261630989318213,0
413,47.75,92,0.1255322834371622,0
414,34.25,234,0.12490462201997637,0
415,134.875,368,0.1242800989098765,0
416,100.375,232,0.12365869841532712,0
417,269.625,1318,0.12304040492325048,0
418,193.25,656,0.12242520289863423,0
419,-7.0,505,0.12181307688414106,0
420,90.125,214,0.12120401149972035,0
421,190.625,820,0.12059799144222175,0
422,185.125,446,0.11999500148501063,0
423,191.625,432,0.11939502647758558,0
424,123.0,526,0.11879805134519765,0
425,197.375,683,0.11820406108847166,0
426,63.125,252,0.1176130407830293,0
427,58.0,946,0.11702497557911415,0
428,173.125,491,0.11643985070121858,0
429,214.875,653,0.11585765144771248,0
430,127.0,364,0.11527836319047392,0
431,553.375,1574,0.11470197137452155,0
432,46.75,161,0.11412846151764894,0
433,94.875,495,0.1135578192100607,0
434,72.625,351,0.11299003011401039,0
435,189.875,1118,0.11242507996344034,0
436,96.75,572,0.11186295456362313,0
437,215.75,609,0.11130363979080501,0
438,236.5,536,0.11074712159185099,0
439,201.875,583,0.11019338598389174,0
440,263.125,739,0.10964241905397228,0
441,156.25,628,0.10909420695870241,0
442,246.5,483,0.1085487359239089,0
443,262.625,650,0.10800599224428936,0
444,307.5,881,0.10746596228306791,0
445,79.75,297,0.10692863247165257,0
446,137.25,659,0.1063939893092943,0
447,20.0,531,0.10586201936274783,0
448,73.75,217,0.10533270926593409,0
449,240.375,709,0.10480604571960442,0
450,132.75,320,0.1042820154910064,0
451,33.875,444,0.10376060541355137,0
452,181.5,817,0.1032418023864836,0
453,185.5,572,0.10272559337455119,0
454,51.375,288,0.10221196540767843,0
455,393.875,1137,0.10170090558064004,0
456,106.5,628,0.10119240105273684,0
457,166.25,795,0.10068643904747315,0
458,185.0,665,0.10018300685223579,0
459,122.625,346,0.0996820918179746,0
460,147.5,478,0.09918368135888474,0
461,119.5,321,0.09868776295209031,0
462,44.5,132,0.09819432413732986,0
463,65.25,185,0.09770335251664321,0
464,55.25,570,0.09721483575406,0
465,250.5,561,0.09672876157528969,0
466,114.625,544,0.09624511776741324,0
467,206.25,366,0.09576389217857617,0
468,63.125,318,0.09528507271768329,0
469,228.375,513,0.09480864735409487,0
470,136.5,313,0.0943346041173244,0
471,179.75,1054,0.09386293109673778,0
472,402.125,731,0.09339361644125409,0
473,353.625,652,0.09292664835904782,0
474,128.5,624,0.09246201511725258,0
475,150.5,353,0.09199970504166631,0
476,169.625,608,0.09153970651645797,0
477,234.5,668,0.09108200798387568,0
478,288.875,666,0.0906265979439563,0
479,196.5,436,0.09017346495423652,0
480,135.0,453,0.08972259762946533,0
481,264.5,560,0.089273984641318,0
482,145.0,529,0.0888276147181114,0
483,170.75,564,0.08838347664452084,0
484,-37.25,768,0.08794155926129824,0
485,147.625,266,0.08750185146499175,0
486,270.75,530,0.08706434220766679,0
487,126.75,492,0.08662902049662846,0
488,182.75,443,0.08619587539414532,0
489,271.5,749,0.08576489601717459,0
490,257.625,628,0.08533607153708872,0
491,135.75,582,0.08490939117940327,0
492,68.75,243,0.08448484422350626,0
493,338.25,1232,0.08406242000238873,0
494,315.125,829,0.08364210790237678,0
495,244.875,616,0.0832238973628649,0
496,114.25,358,0.08280777787605056,0
497,277.625,736,0.08239373898667031,0
498,157.75,498,0.08198177029173696,0
499,209.0,679,0.08157186144027828,0
500,221.875,761,0.0811640021330769,0
501,281.375,878,0.08075818212241151,0
502,79.875,139,0.08035439121179945,0
503,146.5,391,0.07995261925574046,0
504,175.125,300,0.07955285615946175,0
505,435.625,1020,0.07915509187866444,0
506,478.625,1245,0.07875931641927113,0
507,386.125,954,0.07836551983717477,0
508,207.0,525,0.07797369223798889,0
509,214.25,580,0.07758382377679894,0
510,172.875,607,0.07719590465791494,0
511,311.5,1128,0.07680992513462537,0
512,267.375,716,0.07642587550895225,0
513,84.625,300,0.07604374613140748,0
514,110.875,303,0.07566352740075044,0
515,135.25,386,0.07528520976374668,0
516,261.0,624,0.07490878371492794,0
517,143.625,536,0.0745342397963533,0
518,0.125,287,0.07416156859737154,0
519,403.125,1045,0.07379076075438468,0
520,162.75,491,0.07342180695061275,0
521,375.625,788,0.07305469791585968,0
522,345.75,675,0.07268942442628039,0
523,680.75,2502,0.07232597730414898,0
524,427.375,698,0.07196434741762824,0
525,411.625,914,0.0716045256805401,0
526,267.625,1456,0.0712465030521374,0
527,326.125,1057,0.0708902705368767,0
528,223.5,579,0.07053581918419231,0
529,253.375,678,0.07018314008827135,0
530,275.75,1019,0.06983222438783,0
531,341.625,581,0.06948306326589085,0
532,157.875,1077,0.0691356479495614,0
533,1.0,251,0.06878996970981359,0
534,61.25,435,0.06844601986126451,0
535,257.75,680,0.06810378976195819,0
536,128.5,503,0.0677632708131484,0
537,332.875,996,0.06742445445908266,0
538,106.0,361,0.06708733218678724,0
539,277.25,1109,0.0667518955258533,0
540,103.25,256,0.06641813604822402,0
541,352.625,819,0.0660860453679829,0
542,118.5,392,0.06575561514114299,0
543,288.0,581,0.06542683706543727,0
544,153.625,471,0.06509970288011008,0
545,291.5,1174,0.06477420436570952,0
546,384.875,854,0.06445033334388098,0
547,296.375,708,0.06412808167716157,0
548,134.125,1219,0.06380744126877576,0
549,272.5,1014,0.06348840406243188,0
550,298.75,1063,0.06317096204211972,0
551,765.625,1903,0.06285510723190912,0
552,246.5,713,0.06254083169574957,0
553,233.0,539,0.062228127537270826,0
554,343.375,763,0.06191698689958447,0
555,239.125,910,0.061607401965086545,0
556,346.875,723,0.06129936495526111,0
557,285.125,1039,0.0609928681304848,0
558,147.5,382,0.060687903789832374,0
559,212.875,726,0.06038446427088321,0
560,136.375,759,0.06008254194952879,0
561,309.125,882,0.05978212923978115,0
562,-14.75,542,0.05948321859358224,0
563,422.25,1087,0.05918580250061433,0
564,295.625,1437,0.058889873488111255,0
565,291.375,1050,0.058595424120670696,0
566,105.0,343,0.05830244700006734,0
567,402.125,737,0.058010934765067,0
568,139.5,444,0.05772088009124167,0
569,195.125,1105,0.05743227569078546,0
570,225.125,957,0.05714511431233153,0
571,1121.625,3641,0.05685938874076987,0
572,471.75,1583,0.056575091797066025,0
573,227.0,608,0.056292216338080694,0
574,184.0,714,0.05601075525639029,0
575,606.75,1787,0.05573070148010834,0
576,478.125,2001,0.0554520479727078,0
577,215.0,989,0.05517478773284426,0
578,252.125,1472,0.05489891379418004,0
579,175.375,936,0.05462441922520914,0
580,436.375,1276,0.0543512971290831,0
581,182.75,643,0.05407954064343768,0
582,465.625,869,0.05380914294022049,0
583,360.875,1419,0.05354009722551939,0
584,357.875,909,0.05327239673939179,0
585,374.375,2037,0.053006034755694834,0
586,313.0,1478,0.052741004581916356,0
587,318.25,1396,0.052477299559006776,0
588,455.0,1440,0.052214913061211746,0
589,366.0,1012,0.05195383849590569,0
590,486.125,1178,0.05169406930342616,0
591,157.125,352,0.05143559895690903,0
592,146.0,710,0.051178420962124486,0
593,405.5,1085,0.05092252885731386,0
594,269.125,715,0.05066791621302729,0
595,315.0,924,0.05041457663196215,0
596,241.125,634,0.050162503748802344,0
597,687.0,1587,0.049911691230058335,0
598,537.875,1145,0.04966213277390804,0
599,110.125,605,0.0494138221100385,0
600,269.625,1127,0.04916675299948831,0
601,172.75,1829,0.04892091923449087,0
602,402.0,768,0.04867631463831842,0
603,212.625,1112,0.048432933065126825,0
604,571.5,2001,0.048190768399801194,0
605,719.875,1151,0.04794981455780219,0
606,550.75,1257,0.04771006548501318,0
607,227.625,1207,0.047471515157588115,0
608,629.625,1955,0.047234157581800176,0
609,414.125,1095,0.046997986793891174,0
610,38.75,344,0.04676299685992172,0
611,572.625,2336,0.04652918187562211,0
612,159.625,1476,0.046296535966244,0
613,278.125,1496,0.046065053286412784,0
614,298.75,1089,0.04583472801998072,0
615,186.375,806,0.045605554379880814,0
616,445.0,1545,0.04537752660798141,0
617,248.75,902,0.0451506389749415,0
618,643.0,1893,0.044924885780066794,0
619,152.75,812,0.04470026135116646,0
620,643.0,3426,0.04447676004441063,0
621,178.75,1062,0.04425437624418858,0
622,165.5,317,0.04403310436296763,0
623,774.5,1832,0.043812938841152796,0
624,375.625,1129,0.04359387414694703,0
625,182.75,417,0.043375904776212296,0
626,255.5,1761,0.043159025252331236,0
627,532.75,1467,0.04294323012606958,0
628,503.625,1144,0.04272851397543923,0
629,160.25,618,0.04251487140556204,0
630,398.875,1452,0.04230229704853423,0
631,1246.25,2045,0.04209078556329156,0
632,598.125,2337,0.0418803316354751,0
633,424.75,1890,0.041670929977297724,0
634,402.875,835,0.04146257532741124,0
635,223.25,617,0.04125526245077418,0
636,182.875,678,0.04104898613852031,0
637,153.875,810,0.04084374120782771,0
638,1357.625,3527,0.04063952250178857,0
639,356.625,1145,0.04043632488927963,0
640,349.875,1768,0.04023414326483323,0
641,452.0,946,0.040032972548509065,0
642,139.75,1039,0.03983280768576652,0
643,773.875,2283,0.03963364364733769,0
644,479.5,1380,0.039435475429100995,0
645,342.875,1219,0.03923829805195549,0
646,460.375,1909,0.03904210656169572,0
647,494.5,1912,0.03884689602888724,0
648,516.875,1382,0.0386526615487428,0
649,522.875,2771,0.03845939824099909,0
650,172.0,646,0.03826710124979409,0
651,214.125,1180,0.038075765743545126,0
652,105.0,2308,0.0378853869148274,0
653,251.75,1532,0.03769595998025326,0
654,420.25,3082,0.03750748018035199,0
655,182.875,1205,0.037319942779450235,0
656,184.0,2239,0.037133343065552986,0
657,231.5,1060,0.03694767635022522,0
658,800.25,1967,0.036762937968474095,0
659,392.625,1268,0.03657912327863173,0
660,282.25,968,0.036396227662238566,0
661,673.125,2515,0.03621424652392737,0
662,226.125,1224,0.036033175291307735,0
663,188.125,1556,0.03585300941485119,0
664,712.5,1765,0.035673744367776934,0
665,614.625,2276,0.03549537564593805,0
666,890.25,2934,0.035317898767708356,0
667,974.625,2313,0.03514130927386981,0
668,583.75,2099,0.03496560272750046,0
669,221.625,987,0.03479077471386296,0
670,995.375,2033,0.03461682084029365,0
671,307.625,1010,0.034443736736092176,0
672,216.25,1259,0.034271518052411715,0
673,357.875,1681,0.034100160462149656,0
674,1109.375,2908,0.03392965965983891,0
675,241.0,2666,0.033760011361539714,0
676,483.0,2060,0.03359121130473201,0
677,1271.75,2558,0.033423255248208356,0
678,399.75,1648,0.03325613897196732,0
679,510.875,1941,0.03308985827710748,0
680,741.0,2641,0.032924408985721944,0
681,346.625,1304,0.03275978694079333,0
682,428.25,919,0.032595988006089364,0
683,598.625,1541,0.032433008066058915,0
684,744.5,2226,0.03227084302572862,0
685,334.625,838,0.032109488810599975,0
686,1196.0,2748,0.031948941366546975,0
687,743.5,2751,0.03178919665971424,0
688,1704.5,3199,0.03163025067641567,0
689,284.625,2855,0.03147209942303359,0
690,443.125,1442,0.03131473892591842,0
691,864.0,2238,0.031158165231288826,0
692,612.125,1407,0.03100237440513238,0
693,199.875,1532,0.030847362533106718,0
694,631.625,1534,0.030693125720441184,0
695,1523.25,3987,0.030539660091838977,0
696,263.375,1018,0.03038696179137978,0
697,252.75,1909,0.030235026982422884,0
698,561.625,1772,0.030083851847510768,0
699,564.375,1888,0.029933432588273214,0
700,445.625,1331,0.029783765425331846,0
701,419.5,1287,0.029634846598205186,0
702,932.625,2202,0.02948667236521416,0
703,566.75,2806,0.029339239003388088,0
704,1024.875,1856,0.029192542808371146,0
705,912.5,1948,0.02904658009432929,0
706,433.0,2061,0.028901347193857643,0
707,681.5,2037,0.028756840457888354,0
708,994.25,2562,0.02861305625559891,0
709,631.75,971,0.028469990974320916,0
710,935.75,2488,0.02832764101944931,0
711,823.25,2251,0.028186002814352063,0
712,1651.375,3233,0.0280450728002803,0
713,533.375,1285,0.0279048474362789,0
714,1109.75,2607,0.027765323199097504,0
715,541.125,1586,0.027626496583102015,0
716,355.625,1881,0.027488364100186506,0
717,528.875,967,0.027350922279685573,0
718,607.125,2253,0.027214167668287145,0
719,565.125,1924,0.02707809682994571,0
720,544.125,1580,0.02694270634579598,0
721,474.25,3048,0.026807992814067,0
722,737.5,2029,0.026673952849996664,0
723,237.5,1022,0.02654058308574668,0
724,280.0,863,0.026407880170317945,0
725,508.375,1612,0.026275840769466357,0
726,1510.75,3260,0.026144461565619025,0
727,564.25,2562,0.02601373925779093,0
728,398.25,2630,0.025883670561501974,0
729,650.125,3865,0.025754252208694463,0
730,148.125,1251,0.02562548094765099,0
731,1978.25,6464,0.025497353542912736,0
732,380.75,1031,0.02536986677519817,0
733,832.125,3123,0.02524301744132218,0
734,517.75,1138,0.025116802354115567,0
735,430.75,1462,0.024991218342344988,0
736,1388.875,4400,0.024866262250633264,0
737,719.75,2362,0.024741930939380097,0
738,461.25,2923,0.024618221284683196,0
739,963.0,3416,0.02449513017825978,0
740,1957.75,3457,0.02437265452736848,0
741,1139.5,3879,0.024250791254731636,0
742,776.25,2807,0.024129537298457977,0
743,974.625,3108,0.024008889611965685,0
744,856.5,3714,0.023888845163905856,0
745,891.25,2330,0.023769400938086327,0
746,1391.625,5756,0.023650553933395897,0
747,450.375,1184,0.023532301163728918,0
748,1259.125,3826,0.023414639657910272,0
749,716.125,2617,0.023297566459620722,0
750,647.875,2493,0.023181078627322618,0
751,1023.875,3238,0.023065173234186005,0
752,767.625,3109,0.022949847368015076,0
753,835.125,3278,0.022835098131175,0
754,708.5,3174,0.022720922640519125,0
755,601.375,2636,0.02260731802731653,0
756,722.375,3210,0.022494281437179946,0
757,835.0,2436,0.022381810029994047,0
758,736.625,1600,0.022269900979844076,0
759,808.25,2422,0.022158551474944856,0
760,1006.75,3014,0.022047758717570132,0
761,947.625,2175,0.021937519923982282,0
762,590.75,2945,0.021827832324362372,0
763,823.125,2384,0.02171869316274056,0
764,1194.125,4978,0.021610099696926857,0
765,458.0,3074,0.021502049198442223,0
766,501.875,1695,0.021394538952450012,0
767,479.75,1880,0.02128756625768776,0
768,1533.875,2985,0.021181128426399323,0
769,786.25,4674,0.021075222784267326,0
770,573.375,1882,0.020969846670345987,0
771,653.25,2261,0.020864997436994256,0
772,901.75,2269,0.020760672449809284,0
773,688.75,2380,0.020656869087560238,0
774,617.5,1603,0.020553584742122436,0
775,967.5,3765,0.020450816818411825,0
776,725.5,2611,0.020348562734319765,0
777,1230.25,3192,0.020246819920648168,0
778,1084.125,3180,0.020145585821044927,0
779,541.375,1548,0.020044857891939702,0
780,748.125,2502,0.019944633602480003,0
781,1176.625,2403,0.019844910434467605,0
782,1171.375,3060,0.019745685882295267,0
783,1111.5,2124,0.01964695745288379,0
784,997.625,2823,0.01954872266561937,0
785,1467.75,4024,0.019450979052291272,0
786,826.625,4363,0.019353724157029815,0
787,1744.75,3406,0.019256955536244666,0
788,831.125,2760,0.019160670758563442,0
789,796.875,2565,0.019064867404770626,0
790,1172.25,4567,0.018969543067746772,0
791,1036.25,2410,0.018874695352408037,0
792,949.75,4138,0.018780321875645996,0
793,636.375,2628,0.018686420266267767,0
794,399.75,1309,0.018592988164936427,0
795,1016.0,3313,0.018500023224111744,0
796,319.5,1662,0.018407523107991184,0
797,913.25,2823,0.01831548549245123,0
798,799.5,2011,0.018223908064988973,0
799,1881.25,4567,0.018132788524664028,0
800,1904.75,3699,0.018042124582040707,0
801,1106.0,2774,0.017951913959130504,0
802,756.75,2458,0.01786215438933485,0
803,801.875,3120,0.017772843617388175,0
804,1412.625,4698,0.017683979399301233,0
805,702.375,1660,0.017595559502304726,0
806,1548.625,2538,0.0175075817047932,0
807,1466.75,4395,0.017420043796269234,0
808,201.0,1851,0.017332943577287888,0
809,1032.125,3919,0.01724627885940145,0
810,396.875,3055,0.017160047465104442,0
811,964.625,2553,0.01707424722777892,0
812,1480.25,4661,0.016988875991640028,0
813,239.875,1580,0.016903931611681827,0
814,2109.0,5289,0.01681941195362342,0
815,339.375,2016,0.016735314893855303,0
816,1097.75,4660,0.016651638319386028,0
817,2399.75,4204,0.0165683801277891,0
818,1761.5,8335,0.016485538227150154,0
819,1515.625,4216,0.0164031105360144,0
820,791.125,3343,0.01632109498333433,0
821,1641.25,5860,0.016239489508417658,0
822,1210.5,4235,0.01615829206087557,0
823,599.125,4954,0.01607750060057119,0
824,2298.625,8563,0.015997113097568336,0
825,1127.0,6587,0.015917127532080494,0
826,1741.875,3900,0.01583754189442009,0
827,1052.875,3959,0.01575835418494799,0
828,1698.5,3689,0.01567956241402325,0
829,717.375,1486,0.015601164601953134,0
830,479.125,2599,0.015523158778943369,0
831,1506.375,3753,0.015445542985048652,0
832,473.875,2626,0.015368315270123408,0
833,1831.625,5461,0.01529147369377279,0
834,1521.25,3874,0.015215016325303928,0
835,1694.75,3714,0.015138941243677408,0
836,560.0,1941,0.01506324653745902,0
837,740.75,2759,0.014987930304771725,0
838,2031.625,5158,0.014912990653247866,0
839,586.375,3073,0.014838425699981627,0
840,662.0,3833,0.01476423357148172,0
841,559.0,2760,0.014690412403624311,0
842,617.875,2179,0.01461696034160619,0
843,1037.25,7186,0.014543875539898159,0
844,1084.375,4250,0.014471156162198668,0
845,929.0,6135,0.014398800381387675,0
846,947.0,2939,0.014326806379480736,0
847,944.875,3838,0.014255172347583332,0
848,2237.0,5312,0.014183896485845416,0
849,1845.5,5569,0.014112977003416188,0
850,1018.375,2132,0.014042412118399107,0
851,1130.25,2377,0.013972200057807112,0
852,1825.25,7123,0.013902339057518077,0
853,2663.25,8186,0.013832827362230486,0
854,3176.5,11440,0.013763663225419333,0
855,825.125,5320,0.013694844909292236,0
856,1112.25,5802,0.013626370684745774,0
857,298.75,4199,0.013558238831322046,0
858,1590.25,3848,0.013490447637165436,0
859,1362.625,4478,0.013422995398979608,0
860,3081.25,6598,0.01335588042198471,0
861,1623.125,6335,0.013289101019874787,0
862,649.5,3692,0.013222655514775413,0
863,856.125,2408,0.013156542237201536,0
864,1817.625,5432,0.013090759526015528,0
865,1689.0,4902,0.01302530572838545,0
866,1209.875,3325,0.012960179199743523,0
867,1896.5,4140,0.012895378303744804,0
868,1114.75,3487,0.01283090141222608,0
869,701.125,5203,0.012766746905164949,0
870,928.625,2771,0.012702913170639124,0
871,2529.875,10142,0.012639398604785928,0
872,719.625,3274,0.012576201611761997,0
873,3137.25,7102,0.012513320603703188,0
874,608.375,3260,0.012450754000684672,0
875,3517.0,9832,0.012388500230681249,0
876,902.5,5535,0.012326557729527843,0
877,1946.5,4267,0.012264924940880204,0
878,2380.375,8438,0.012203600316175803,0
879,808.125,2841,0.012142582314594924,0
880,2530.75,6439,0.01208186940302195,0
881,3560.0,8561,0.01202146005600684,0
882,1407.625,3428,0.011961352755726806,0
883,1852.375,5378,0.01190154599194817,0
884,1157.25,2326,0.01184203826198843,0
885,1397.875,3633,0.011782828070678488,0
886,1201.5,5145,0.011723913930325095,0
887,1314.0,4132,0.01166529436067347,0
888,3423.875,8703,0.011606967888870102,0
889,1573.75,4007,0.01154893304942575,0
890,2212.5,4949,0.011491188384178622,0
891,1890.625,5763,0.011433732442257729,0
892,4264.875,7546,0.01137656378004644,0
893,1393.625,4790,0.011319680961146208,0
894,1847.75,6829,0.011263082556340478,0
895,1433.875,2569,0.011206767143558775,0
896,3081.375,7347,0.011150733307840981,0
897,465.375,2962,0.011094979641301777,0
898,1721.625,3812,0.011039504743095268,0
899,1134.875,6790,0.01098430721937979,0
900,1246.375,4928,0.010929385683282892,0
901,2385.25,4656,0.010874738754866477,0
902,1321.75,4352,0.010820365061092144,0
903,2391.75,7245,0.010766263235786683,0
904,951.25,3386,0.01071243191960775,0
905,2212.75,6516,0.010658869760009713,0
906,2188.125,4566,0.010605575411209664,0
907,4304.0,11687,0.010552547534153616,0
908,1190.125,2993,0.010499784796482848,0
909,2201.0,4565,0.010447285872500434,0
910,1250.0,4335,0.01039504944313793,0
911,2084.625,4655,0.010343074195922241,0
912,3313.25,14491,0.01029135882494263,0
913,1750.875,5501,0.010239902030817916,0
914,1688.375,5038,0.010188702520663827,0
915,260.5,3786,0.010137759008060509,0
916,2504.625,5879,0.010087070213020206,0
917,2078.0,4434,0.010036634861955105,0
918,1796.125,4923,0.01,0
919,1079.75,3717,0.01,0
920,1090.5,2684,0.01,0
921,2838.25,7845,0.01,0
922,1909.375,5100,0.01,0
923,1626.75,4975,0.01,0
924,3742.0,7945,0.01,0
925,1814.25,4430,0.01,0
926,2988.875,8003,0.01,0
927,2186.875,5952,0.01,0
928,2160.125,9113,0.01,0
929,2009.75,3673,0.01,0
930,2170.75,5509,0.01,0
931,2466.125,4694,0.01,0
932,567.25,2209,0.01,0
933,1845.5,5160,0.01,0
934,6052.25,11500,0.01,0
935,2665.875,6399,0.01,0
936,756.375,4405,0.01,0
937,1905.25,6629,0.01,0
938,2172.875,6754,0.01,0
939,1773.5,5059,0.01,0
940,2273.75,5282,0.01,0
941,3298.625,8346,0.01,0
942,2232.25,6426,0.01,0
943,596.875,3421,0.01,0
944,744.625,3803,0.01,0
945,2282.75,4745,0.01,0
946,2946.0,8167,0.01,0
947,2190.125,6937,0.01,0
948,1104.125,4344,0.01,0
949,1386.75,5148,0.01,0
950,1314.125,4917,0.01,0
951,2094.25,5692,0.01,0
952,1939.125,5727,0.01,0
953,4954.0,14690,0.01,0
954,3075.375,10717,0.01,0
955,900.5,4220,0.01,0
956,755.5,3082,0.01,0
957,1084.75,3823,0.01,0
958,1464.375,3483,0.01,0
959,2008.125,4004,0.01,0
960,1147.125,3180,0.01,0
961,1670.125,4834,0.01,0
962,798.0,2909,0.01,0
963,2034.5,9732,0.01,0
964,2468.125,7837,0.01,0
965,975.375,3209,0.01,0
966,783.875,5078,0.01,0
967,1167.625,4256,0.01,0
968,2135.25,5561,0.01,0
969,3138.25,7912,0.01,0
970,2616.0,5497,0.01,0
971,2937.375,6879,0.01,0
972,2288.875,7659,0.01,0
973,1933.5,4668,0.01,0
974,1296.875,3148,0.01,0
975,2910.625,5387,0.01,0
976,3489.25,7010,0.01,0
977,1779.5,4345,0.01,0
978,2607.25,6167,0.01,0
979,1131.25,5642,0.01,0
980,1195.875,7374,0.01,0
981,1904.875,6712,0.01,0
982,1114.0,6183,0.01,0
983,2984.75,10130,0.01,0
984,1527.125,4621,0.01,0
985,1246.0,3023,0.01,0
986,2993.5,7112,0.01,0
987,1003.5,3051,0.01,0
988,1855.375,4665,0.01,0
989,770.0,2780,0.01,0
990,3067.875,7971,0.01,0
991,2852.25,6740,0.01,0
992,624.75,4268,0.01,0
993,2987.875,9107,0.01,0
994,886.25,2044,0.01,0
995,1013.125,5027,0.01,0
996,2009.5,5715,0.01,0
997,1358.375,3445,0.01,0
998,1820.75,5547,0.01,0
999,1688.125,4130,0.01,0
1000,981.25,6512,0.01,0
1001,1013.875,2443,0.01,0
1002,1156.25,3393,0.01,0
1003,727.125,5050,0.01,0
1004,2205.375,5010,0.01,0
1005,2188.0,9266,0.01,0
1006,2143.125,8852,0.01,0
1007,1089.375,10991,0.01,0
1008,836.0,4708,0.01,0
1009,5527.0,14925,0.01,0
1010,2538.875,7638,0.01,0
1011,1030.375,4771,0.01,0
1012,1560.25,5804,0.01,0
1013,300.625,1525,0.01,0
1014,1606.0,6207,0.01,0
1015,377.875,2721,0.01,0
1016,892.875,5247,0.01,0
1017,683.5,6771,0.01,0
1018,1743.375,10668,0.01,0
1019,985.125,5619,0.01,0
1020,2759.5,12651,0.01,0
1021,2100.875,4591,0.01,0
1022,1189.0,3637,0.01,0
1023,844.875,2575,0.01,0
1024,3334.125,7806,0.01,0
1025,1432.0,4136,0.01,0
1026,1066.875,4331,0.01,0
1027,91.375,6779,0.01,0
1028,2501.0,12519,0.01,0
1029,1866.875,6880,0.01,0
1030,1038.75,5628,0.01,0
1031,1285.125,3935,0.01,0
1032,2760.875,9090,0.01,0
1033,2144.375,5493,0.01,0
1034,1760.25,4102,0.01,0
1035,2237.25,5407,0.01,0
1036,3025.625,7975,0.01,0
1037,742.125,2437,0.01,0
1038,1200.875,3626,0.01,0
1039,2365.125,12082,0.01,0
1040,1163.125,3636,0.01,0
1041,1292.125,6361,0.01,0
1042,3184.875,6761,0.01,0
1043,823.875,1850,0.01,0
1044,1387.875,5252,0.01,0
1045,1164.25,2596,0.01,0
1046,1506.5,4511,0.01,0
1047,869.5,3519,0.01,0
1048,423.875,2690,0.01,0
1049,2193.75,7236,0.01,0
1050,1808.25,5347,0.01,0
1051,2369.25,9124,0.01,0
1052,626.5,3236,0.01,0
1053,2657.5,4954,0.01,0
1054,1178.625,2462,0.01,0
1055,1251.75,3565,0.01,0
1056,612.25,1665,0.01,0
1057,1572.125,3969,0.01,0
1058,1864.125,3509,0.01,0
1059,2042.875,4125,0.01,0
1060,3258.875,7543,0.01,0
1061,1710.75,3946,0.01,0
1062,400.75,14111,0.01,0
1063,1193.375,4493,0.01,0
1064,2511.0,6731,0.01,0
1065,301.75,7674,0.01,0
1066,2239.375,9278,0.01,0
1067,2832.75,8451,0.01,0
1068,2352.375,3870,0.01,0
1069,2888.75,7239,0.01,0
1070,2089.25,6835,0.01,0
1071,1872.125,5061,0.01,0
1072,1416.75,6415,0.01,0
1073,2077.25,5118,0.01,0
1074,1095.5,7120,0.01,0
1075,2429.125,6985,0.01,0
1076,280.375,3974,0.01,0
1077,3219.5,7472,0.01,0
1078,1642.875,3700,0.01,0
1079,2213.5,6517,0.01,0
1080,3964.25,10444,0.01,0
1081,1047.5,5808,0.01,0
1082,1120.625,5488,0.01,0
1083,3744.625,9147,0.01,0
1084,4279.75,15460,0.01,0
1085,577.375,1989,0.01,0
1086,2294.0,5724,0.01,0
1087,1303.625,5102,0.01,0
1088,446.375,2517,0.01,0
1089,2106.5,5749,0.01,0
1090,463.375,2943,0.01,0
1091,2067.5,5077,0.01,0
1092,1536.75,5887,0.01,0
1093,2086.625,5127,0.01,0
1094,813.0,4444,0.01,0
1095,1839.625,4406,0.01,0
1096,1659.875,6718,0.01,0
1097,878.625,13107,0.01,0
1098,4443.625,12205,0.01,0
1099,1560.875,5238,0.01,0
1100,1162.875,5861,0.01,0
1101,2869.875,6429,0.01,0
1102,4495.875,9537,0.01,0
1103,1175.5,2514,0.01,0
1104,725.0,2462,0.01,0
1105,1186.125,3432,0.01,0
1106,1301.0,4700,0.01,0
1107,1329.75,5726,0.01,0
1108,1133.75,2814,0.01,0
1109,1627.0,5896,0.01,0
1110,2747.25,5675,0.01,0
1111,2310.375,6741,0.01,0
1112,1678.375,6102,0.01,0
1113,1523.375,4758,0.01,0
1114,1302.0,3451,0.01,0
1115,4775.5,9421,0.01,0
1116,3992.375,9787,0.01,0
1117,1441.625,3059,0.01,0
1118,2678.5,4817,0.01,0
1119,2171.875,6374,0.01,0
1120,3107.375,7556,0.01,0
1121,1727.75,5329,0.01,0
1122,2270.375,10931,0.01,0
1123,2451.875,7093,0.01,0
1124,859.25,2838,0.01,0
1125,928.625,5064,0.01,0
1126,2959.0,8294,0.01,0
1127,1902.375,6079,0.01,0
1128,1243.25,5338,0.01,0
1129,3224.875,10356,0.01,0
1130,1392.0,6168,0.01,0
1131,982.875,3002,0.01,0
1132,3656.625,10214,0.01,0
1133,1738.0,5836,0.01,0
1134,3332.25,11125,0.01,0
1135,1618.125,3633,0.01,0
1136,1983.625,5259,0.01,0
1137,840.875,4379,0.01,0
1138,2925.0,5769,0.01,0
1139,1035.5,5134,0.01,0
1140,2743.625,6192,0.01,0
1141,1026.75,4736,0.01,0
1142,649.125,6384,0.01,0
1143,2890.75,10837,0.01,0
1144,1667.125,3695,0.01,0
1145,1155.375,3506,0.01,0
1146,733.0,3072,0.01,0
1147,5428.625,11663,0.01,0
1148,2240.25,6663,0.01,0
1149,780.25,5566,0.01,0
1150,536.25,1252,0.01,0
1151,1700.5,8190,0.01,0
1152,621.375,2775,0.01,0
1153,1140.875,3897,0.01,0
1154,2019.375,9159,0.01,0
1155,8291.0,20124,0.01,0
1156,922.75,3609,0.01,0
1157,1212.0,5901,0.01,0
1158,2381.0,7380,0.01,0
1159,896.25,2515,0.01,0
1160,1159.625,3899,0.01,0
1161,-246.0,2729,0.01,0
1162,2124.625,3709,0.01,0
1163,821.5,1881,0.01,0
1164,703.75,3088,0.01,0
1165,1073.0,3552,0.01,0
1166,2971.875,6437,0.01,0
1167,1733.625,4776,0.01,0
1168,1895.75,4500,0.01,0
1169,1343.125,5155,0.01,0
1170,1251.5,3235,0.01,0
1171,1644.75,4846,0.01,0
1172,1957.0,5462,0.01,0
1173,1954.75,7766,0.01,0
1174,2839.5,10948,0.01,0
1175,2059.875,7702,0.01,0
1176,806.125,3068,0.01,0
1177,2824.0,6440,0.01,0
1178,1113.75,7240,0.01,0
1179,941.375,5018,0.01,0
1180,3922.625,7157,0.01,0
1181,3209.5,7080,0.01,0
1182,541.0,2060,0.01,0
1183,1338.75,5035,0.01,0
1184,1057.25,3768,0.01,0
1185,2192.375,5271,0.01,0
1186,2525.125,12124,0.01,0
1187,2032.75,5682,0.01,0
1188,1626.375,4556,0.01,0
1189,2997.75,6459,0.01,0
1190,2247.125,6407,0.01,0
1191,2370.5,6049,0.01,0
1192,1633.75,7297,0.01,0
1193,1901.0,8132,0.01,0
1194,1226.75,6635,0.01,0
1195,2154.625,8052,0.01,0
1196,1821.25,7083,0.01,0
1197,3362.125,9109,0.01,0
1198,1853.25,6395,0.01,0
1199,2214.875,8580,0.01,0
1200,2632.625,7854,0.01,0
1201,563.375,3242,0.01,0
1202,752.5,3003,0.01,0
1203,2375.5,6824,0.01,0
1204,1381.375,5080,0.01,0
1205,1390.25,6953,0.01,0
1206,1469.375,7689,0.01,0
1207,1090.375,4130,0.01,0
1208,1125.75,5195,0.01,0
1209,1047.75,3089,0.01,0
1210,1905.875,6845,0.01,0
1211,-109.125,4883,0.01,0
1212,880.125,2790,0.01,0
1213,1205.0,7229,0.01,0
1214,1912.5,4557,0.01,0
1215,910.75,5610,0.01,0
1216,3455.875,8938,0.01,0
1217,1490.875,3517,0.01,0
1218,1870.5,7047,0.01,0
1219,1882.125,4873,0.01,0
1220,1942.0,6098,0.01,0
1221,3370.875,6129,0.01,0
1222,80.125,2768,0.01,0
1223,1613.75,9566,0.01,0
1224,1824.375,4297,0.01,0
1225,2405.375,5400,0.01,0
1226,2541.125,6965,0.01,0
1227,2294.375,5950,0.01,0
1228,1698.625,6545,0.01,0
1229,988.0,6565,0.01,0
1230,1625.375,6371,0.01,0
1231,1543.25,4967,0.01,0
1232,983.25,4749,0.01,0
1233,1626.375,3734,0.01,0
1234,1703.375,5384,0.01,0
1235,3992.25,7469,0.01,0
1236,1026.375,2885,0.01,0
1237,963.625,2567,0.01,0
1238,1998.25,4504,0.01,0
1239,1952.125,3796,0.01,0
1240,1703.0,3821,0.01,0
1241,1338.375,2582,0.01,0
1242,3057.75,7183,0.01,0
1243,1030.875,5303,0.01,0
1244,1400.25,4987,0.01,0
1245,3737.375,12462,0.01,0
1246,1539.375,4916,0.01,0
1247,1359.125,4867,0.01,0
1248,1575.875,3510,0.01,0
1249,503.25,12655,0.01,0
1250,1491.875,8486,0.01,0
1251,2414.125,8683,0.01,0
1252,1991.0,6889,0.01,0
1253,1299.625,6055,0.01,0
1254,4542.5,11495,0.01,0
1255,3375.25,8919,0.01,0
1256,1466.5,7332,0.01,0
1257,3658.25,8158,0.01,0
1258,3304.25,8968,0.01,0
1259,1552.75,3729,0.01,0
1260,2683.5,6565,0.01,0
1261,1537.5,3484,0.01,0
1262,2410.5,4693,0.01,0
1263,219.375,976,0.01,0
1264,1736.75,5230,0.01,0
1265,428.25,4779,0.01,0
1266,2712.375,11460,0.01,0
1267,925.875,5494,0.01,0
1268,1655.0,4103,0.01,0
1269,3599.375,12251,0.01,0
1270,1758.75,4028,0.01,0
1271,1217.375,5112,0.01,0
1272,934.75,4749,0.01,0
1273,2484.625,8097,0.01,0
1274,1883.875,6894,0.01,0
1275,3889.25,10705,0.01,0
1276,2944.625,5950,0.01,0
1277,3826.375,12576,0.01,0
1278,1277.125,6158,0.01,0
1279,955.75,2745,0.01,0
1280,1187.625,5823,0.01,0
1281,2703.5,7364,0.01,0
1282,2193.5,5553,0.01,0
1283,1022.0,7014,0.01,0
1284,2184.0,5378,0.01,0
1285,2801.625,15038,0.01,0
1286,1476.125,6481,0.01,0
1287,2356.75,8517,0.01,0
1288,1491.5,4355,0.01,0
1289,1222.5,3055,0.01,0
1290,3097.75,10917,0.01,0
1291,2028.625,6468,0.01,0
1292,1994.0,6460,0.01,0
1293,1754.0,4092,0.01,0
1294,3615.75,7261,0.01,0
1295,2084.25,5142,0.01,0
1296,1073.25,3644,0.01,0
1297,585.0,1951,0.01,0
1298,1422.75,3620,0.01,0
1299,2112.125,4441,0.01,0
1300,675.375,2807,0.01,0
1301,2383.75,4731,0.01,0
1302,985.125,4452,0.01,0
1303,1037.0,5843,0.01,0
1304,3388.875,6703,0.01,0
1305,1862.25,5635,0.01,0
1306,2076.625,5873,0.01,0
1307,1494.25,5160,0.01,0
1308,1975.125,4909,0.01,0
1309,1998.75,6073,0.01,0
1310,2600.875,7037,0.01,0
1311,1820.375,4835,0.01,0
1312,352.75,2979,0.01,0
1313,3508.625,11102,0.01,0
1314,1743.875,5904,0.01,0
1315,799.75,8518,0.01,0
1316,968.0,6526,0.01,0
1317,1744.125,4787,0.01,0
1318,2951.5,9361,0.01,0
1319,2094.25,7912,0.01,0
1320,890.75,3431,0.01,0
1321,2873.125,9004,0.01,0
1322,2789.625,5947,0.01,0
1323,3024.375,7307,0.01,0
1324,650.875,3311,0.01,0
1325,3599.625,10238,0.01,0
1326,2953.875,8372,0.01,0
1327,1826.875,8778,0.01,0
1328,298.375,2810,0.01,0
1329,1254.625,4871,0.01,0
1330,3675.75,8593,0.01,0
1331,2493.875,6626,0.01,0
1332,1208.25,4579,0.01,0
1333,761.125,5059,0.01,0
1334,1850.625,3547,0.01,0
1335,1095.5,3025,0.01,0
1336,2829.25,6264,0.01,0
1337,2184.375,6097,0.01,0
1338,1242.625,3766,0.01,0
1339,1008.5,2965,0.01,0
1340,1052.875,3517,0.01,0
1341,672.125,2614,0.01,0
1342,1843.375,4482,0.01,0
1343,1551.75,5464,0.01,0
1344,421.625,3642,0.01,0
1345,1149.5,4177,0.01,0
1346,3358.125,9374,0.01,0
1347,2692.375,7794,0.01,0
1348,2175.625,7975,0.01,0
1349,1796.25,5024,0.01,0
1350,2568.375,6916,0.01,0
1351,1456.875,6842,0.01,0
1352,2392.375,5828,0.01,0
1353,1679.875,5609,0.01,0
1354,2038.5,4304,0.01,0
1355,2558.5,8250,0.01,0
1356,2615.875,8573,0.01,0
1357,3196.125,7123,0.01,0
1358,950.5,3343,0.01,0
1359,2407.625,6396,0.01,0
1360,797.625,2629,0.01,0
1361,1589.0,4924,0.01,0
1362,4221.375,15231,0.01,0
1363,2135.875,5435,0.01,0
1364,452.75,2269,0.01,0
1365,591.625,4311,0.01,0
1366,2270.625,4504,0.01,0
1367,718.0,5001,0.01,0
1368,2255.625,6709,0.01,0
1369,2134.375,8620,0.01,0
1370,2541.875,7982,0.01,0
1371,1676.0,3832,0.01,0
1372,2724.125,5632,0.01,0
1373,2210.375,5009,0.01,0
1374,-368.75,2941,0.01,0
1375,1490.375,5435,0.01,0
1376,2440.75,7312,0.01,0
1377,1507.125,3485,0.01,0
1378,801.875,3921,0.01,0
1379,867.375,8648,0.01,0
1380,1143.25,5209,0.01,0
1381,2480.375,11212,0.01,0
1382,2463.0,10132,0.01,0
1383,751.25,6153,0.01,0
1384,1018.875,4076,0.01,0
1385,2933.75,10272,0.01,0
1386,1152.5,2981,0.01,0
1387,2589.125,5535,0.01,0
1388,1299.25,4295,0.01,0
1389,1459.0,3986,0.01,0
1390,2043.75,4128,0.01,0
1391,900.25,3137,0.01,0
1392,1460.75,4582,0.01,0
1393,769.0,2850,0.01,0
1394,1208.0,4365,0.01,0
1395,1227.0,4527,0.01,0
1396,1480.5,4118,0.01,0
1397,2783.5,8036,0.01,0
1398,610.125,2278,0.01,0
1399,3013.25,7224,0.01,0
1400,2179.5,4680,0.01,0
1401,958.25,2982,0.01,0
1402,1396.0,3757,0.01,0
1403,1043.5,4585,0.01,0
1404,1588.875,3959,0.01,0
1405,2218.125,4690,0.01,0
1406,1847.75,6435,0.01,0
1407,2498.75,4502,0.01,0
1408,1300.75,11278,0.01,0
1409,504.5,3185,0.01,0
1410,3025.0,6761,0.01,0
1411,1510.875,3836,0.01,0
1412,1509.5,8183,0.01,0
1413,1204.875,6644,0.01,0
1414,1023.125,3986,0.01,0
1415,2781.25,10644,0.01,0
1416,2589.0,8784,0.01,0
1417,1180.375,3424,0.01,0
1418,452.375,4517,0.01,0
1419,1585.625,5575,0.01,0
1420,1103.25,4974,0.01,0
1421,1821.5,5232,0.01,0
1422,1682.75,5760,0.01,0
1423,2319.375,4606,0.01,0
1424,2401.75,5935,0.01,0
1425,708.375,3990,0.01,0
1426,3487.125,6619,0.01,0
1427,1759.125,4308,0.01,0
1428,2178.125,6993,0.01,0
1429,1699.125,4572,0.01,0
1430,2089.75,8420,0.01,0
1431,2596.625,6483,0.01,0
1432,764.375,7462,0.01,0
1433,1735.125,4267,0.01,0
1434,1223.5,4462,0.01,0
1435,4001.5,7316,0.01,0
1436,919.375,2701,0.01,0
1437,809.875,2508,0.01,0
1438,706.375,2167,0.01,0
1439,971.25,5824,0.01,0
1440,4581.875,9289,0.01,0
1441,1996.375,6658,0.01,0
1442,814.0,4605,0.01,0
1443,3262.875,9031,0.01,0
1444,3468.125,12376,0.01,0
1445,999.5,4079,0.01,0
1446,1160.125,3677,0.01,0
1447,1797.125,5968,0.01,0
1448,885.875,2720,0.01,0
1449,2019.125,5859,0.01,0
1450,2414.875,6964,0.01,0
1451,-489.875,3018,0.01,0
1452,1510.875,6578,0.01,0
1453,1894.875,5373,0.01,0
1454,1997.25,6297,0.01,0
1455,1150.875,4065,0.01,0
1456,1837.625,5094,0.01,0
1457,86.625,2768,0.01,0
1458,1547.25,6332,0.01,0
1459,1242.625,4387,0.01,0
1460,633.0,2558,0.01,0
1461,985.0,4808,0.01,0
1462,2422.875,9654,0.01,0
1463,1268.75,4604,0.01,0
1464,2052.75,5336,0.01,0
1465,958.0,3496,0.01,0
1466,2789.625,5503,0.01,0
1467,2500.75,4995,0.01,0
1468,1787.125,5614,0.01,0
1469,831.75,2548,0.01,0
1470,521.375,2749,0.01,0
1471,2027.75,7692,0.01,0
1472,2176.875,4000,0.01,0
1473,1075.375,3221,0.01,0
1474,2695.25,6367,0.01,0
1475,749.125,2846,0.01,0
1476,4574.0,8068,0.01,0
1477,3194.5,11386,0.01,0
1478,2771.75,7608,0.01,0
1479,2971.5,7544,0.01,0
1480,429.375,2739,0.01,0
1481,1343.125,3217,0.01,0
1482,748.0,3074,0.01,0
1483,1262.875,4308,0.01,0
1484,3065.375,8510,0.01,0
1485,2058.75,7746,0.01,0
1486,750.125,4196,0.01,0
1487,826.0,6819,0.01,0
1488,1995.0,5992,0.01,0
1489,1785.75,4239,0.01,0
1490,1480.75,4814,0.01,0
1491,1459.625,4954,0.01,0
1492,2213.75,5664,0.01,0
1493,3094.375,7813,0.01,0
1494,3333.625,8653,0.01,0
1495,2426.125,6231,0.01,0
1496,2411.25,9636,0.01,0
1497,2815.125,6322,0.01,0
1498,-481.625,5476,0.01,0
1499,2345.375,8970,0.01,0
1500,2318.25,7178,0.01,0
1501,1109.125,6071,0.01,0
1502,1684.125,4771,0.01,0
1503,2260.75,7892,0.01,0
1504,1591.625,7766,0.01,0
1505,1099.25,6612,0.01,0
1506,1596.625,10605,0.01,0
1507,1497.0,8007,0.01,0
1508,1455.625,5354,0.01,0
1509,1186.0,3958,0.01,0
1510,1308.375,4835,0.01,0
1511,1062.0,7127,0.01,0
1512,2760.125,5331,0.01,0
1513,1770.5,5040,0.01,0
1514,4896.875,9213,0.01,0
1515,1694.75,4709,0.01,0
1516,2908.875,5995,0.01,0
1517,1259.75,5105,0.01,0
1518,1453.75,3846,0.01,0
1519,1057.0,2933,0.01,0
1520,1945.375,5153,0.01,0
1521,1467.5,5040,0.01,0
1522,3546.0,15685,0.01,0
1523,3102.125,9864,0.01,0
1524,1289.75,2817,0.01,0
1525,1158.75,2464,0.01,0
1526,1254.0,3709,0.01,0
1527,695.625,2590,0.01,0
1528,1697.25,5551,0.01,0
1529,3109.625,9780,0.01,0
1530,558.125,3491,0.01,0
1531,3854.0,7843,0.01,0
1532,974.25,4116,0.01,0
1533,1281.0,4355,0.01,0
1534,2563.125,5826,0.01,0
1535,1096.375,5574,0.01,0
1536,642.5,4257,0.01,0
1537,2142.375,5514,0.01,0
1538,2280.625,7139,0.01,0
1539,2611.625,8780,0.01,0
1540,2612.0,7679,0.01,0
1541,1275.75,5137,0.01,0
1542,1093.0,3821,0.01,0
1543,2539.875,6230,0.01,0
1544,2422.625,6768,0.01,0
1545,2012.25,3358,0.01,0
1546,824.5,2892,0.01,0
1547,1740.5,4316,0.01,0
1548,2034.25,5418,0.01,0
1549,2669.375,13759,0.01,0
1550,1186.75,4690,0.01,0
1551,2263.25,6349,0.01,0
1552,3031.75,7781,0.01,0
1553,1253.25,3451,0.01,0
1554,986.75,2861,0.01,0
1555,1872.625,5834,0.01,0
1556,1879.375,6542,0.01,0
1557,4907.75,11005,0.01,0
1558,2837.375,8624,0.01,0
1559,448.125,4871,0.01,0
1560,2105.875,6890,0.01,0
1561,2412.875,9619,0.01,0
1562,2652.875,11086,0.01,0
1563,1923.0,9215,0.01,0
1564,3164.375,7324,0.01,0
1565,441.125,5641,0.01,0
1566,1885.5,9107,0.01,0
1567,1993.5,4774,0.01,0
1568,2214.875,5361,0.01,0
1569,2071.25,6424,0.01,0
1570,1261.125,2918,0.01,0
1571,3976.0,9191,0.01,0
1572,1340.375,5992,0.01,0
1573,422.0,4981,0.01,0
1574,2256.0,5417,0.01,0
1575,906.5,3458,0.01,0
1576,1868.125,5260,0.01,0
1577,5232.5,17879,0.01,0
1578,994.5,5670,0.01,0
1579,3079.125,8451,0.01,0
1580,862.875,5758,0.01,0
1581,977.875,6186,0.01,0
1582,3419.875,12313,0.01,0
1583,2711.875,5970,0.01,0
1584,1623.25,3391,0.01,0
1585,567.125,4439,0.01,0
1586,1354.0,4646,0.01,0
1587,1639.375,3787,0.01,0
1588,4068.625,9368,0.01,0
1589,2198.5,6835,0.01,0
1590,1443.875,3946,0.01,0
1591,680.5,2187,0.01,0
1592,1156.25,4136,0.01,0
1593,1912.625,7488,0.01,0
1594,1224.5,6626,0.01,0
1595,4940.875,10128,0.01,0
1596,1304.0,3559,0.01,0
1597,1993.375,4654,0.01,0
1598,3592.0,9390,0.01,0
1599,2387.125,10922,0.01,0
1600,1881.375,4048,0.01,0
1601,3134.5,7436,0.01,0
1602,1233.125,3394,0.01,0
1603,472.5,2150,0.01,0
1604,1888.875,7824,0.01,0
1605,1689.125,3349,0.01,0
1606,1724.625,6262,0.01,0
1607,4994.25,9522,0.01,0
1608,1294.0,3691,0.01,0
1609,1091.25,4043,0.01,0
1610,1616.125,3786,0.01,0
1611,2183.875,6442,0.01,0
1612,3528.0,10644,0.01,0
1613,1176.625,3163,0.01,0
1614,1890.625,4197,0.01,0
1615,3026.625,7785,0.01,0
1616,3063.375,8408,0.01,0
1617,1195.75,2738,0.01,0
1618,2046.375,9179,0.01,0
1619,1203.5,3374,0.01,0
1620,1537.875,4753,0.01,0
1621,1946.75,4530,0.01,0
1622,1021.375,7348,0.01,0
1623,1553.75,6406,0.01,0
1624,1960.125,6996,0.01,0
1625,1413.875,6199,0.01,0
1626,1803.875,6565,0.01,0
1627,883.5,2642,0.01,0
1628,5037.0,11591,0.01,0
1629,1735.0,3692,0.01,0
1630,764.25,2912,0.01,0
1631,2206.5,5607,0.01,0
1632,1900.75,8089,0.01,0
1633,2349.125,9467,0.01,0
1634,1635.125,4197,0.01,0
1635,3040.875,7661,0.01,0
1636,1773.75,6253,0.01,0
1637,1335.0,3060,0.01,0
1638,956.0,5175,0.01,0
1639,1510.625,4156,0.01,0
1640,1859.125,4932,0.01,0
1641,3449.875,9655,0.01,0
1642,2294.5,5799,0.01,0
1643,3525.25,5969,0.01,0
1644,3413.75,10496,0.01,0
1645,4591.25,9192,0.01,0
1646,2151.375,6102,0.01,0
1647,4335.5,11354,0.01,0
1648,1108.25,4185,0.01,0
1649,2102.375,9197,0.01,0
1650,979.0,2966,0.01,0
1651,4307.5,12019,0.01,0
1652,886.25,3938,0.01,0
1653,1794.0,7338,0.01,0
1654,2888.0,8323,0.01,0
1655,805.25,2394,0.01,0
1656,2339.5,4308,0.01,0
1657,2710.25,5791,0.01,0
1658,710.0,2197,0.01,0
1659,2135.5,4853,0.01,0
1660,842.0,2531,0.01,0
1661,973.5,2854,0.01,0
1662,2276.75,5376,0.01,0
1663,1789.75,5063,0.01,0
1664,4733.75,13321,0.01,0
1665,2547.0,10554,0.01,0
1666,466.25,3262,0.01,0
1667,2601.75,10918,0.01,0
1668,1288.875,6332,0.01,0
1669,581.5,3667,0.01,0
1670,888.5,3679,0.01,0
1671,1424.375,6153,0.01,0
1672,2041.5,4538,0.01,0
1673,1120.625,5316,0.01,0
1674,2193.125,6156,0.01,0
1675,976.625,3190,0.01,0
1676,2521.875,5466,0.01,0
1677,3622.75,7961,0.01,0
1678,2635.0,7311,0.01,0
1679,751.875,1923,0.01,0
1680,2862.25,7618,0.01,0
1681,1729.125,6753,0.01,0
1682,1274.75,3897,0.01,0
1683,901.5,6372,0.01,0
1684,1928.0,6123,0.01,0
1685,-879.0,4254,0.01,0
1686,461.875,3563,0.01,0
1687,1468.5,3291,0.01,0
1688,1277.75,4347,0.01,0
1689,793.375,7414,0.01,0
1690,4076.625,12939,0.01,0
1691,1661.375,3525,0.01,0
1692,2899.875,7309,0.01,0
1693,585.5,5429,0.01,0
1694,3065.625,6451,0.01,0
1695,2832.375,7490,0.01,0
1696,1420.125,6817,0.01,0
1697,1157.125,6393,0.01,0
1698,5244.125,17098,0.01,0
1699,2783.75,5821,0.01,0
1700,688.625,3664,0.01,0
1701,879.75,3296,0.01,0
1702,1830.25,4981,0.01,0
1703,2286.875,5663,0.01,0
1704,2087.375,3650,0.01,0
1705,2677.875,7444,0.01,0
1706,604.75,2364,0.01,0
1707,1986.625,4301,0.01,0
1708,574.25,3706,0.01,0
1709,1619.75,4970,0.01,0
1710,840.0,3079,0.01,0
1711,689.125,2522,0.01,0
1712,3034.25,10122,0.01,0
1713,4198.875,9018,0.01,0
1714,3030.25,7366,0.01,0
1715,741.75,3058,0.01,0
1716,2066.125,5786,0.01,0
1717,2111.875,6028,0.01,0
1718,1025.875,3105,0.01,0
1719,888.125,3174,0.01,0
1720,1415.75,4990,0.01,0
1721,3046.25,6922,0.01,0
1722,4846.375,10473,0.01,0
1723,1268.0,4171,0.01,0
1724,1618.75,6708,0.01,0
1725,2957.625,9671,0.01,0
1726,2204.375,5578,0.01,0
1727,2869.375,5204,0.01,0
1728,2628.0,9823,0.01,0
1729,4183.5,14941,0.01,0
1730,1528.375,4202,0.01,0
1731,3032.125,6914,0.01,0
1732,799.75,2560,0.01,0
1733,2222.875,4291,0.01,0
1734,2371.0,5027,0.01,0
1735,2785.375,6115,0.01,0
1736,1352.25,6500,0.01,0
1737,1887.5,3978,0.01,0
1738,1921.875,5309,0.01,0
1739,1932.5,6553,0.01,0
1740,1546.75,5618,0.01,0
1741,2928.5,7854,0.01,0
1742,1710.0,4799,0.01,0
1743,1978.75,5515,0.01,0
1744,1027.25,4374,0.01,0
1745,1559.375,6038,0.01,0
1746,2169.5,5012,0.01,0
1747,1661.0,4707,0.01,0
1748,1867.875,4371,0.01,0
1749,2624.75,6587,0.01,0
1750,1702.375,8288,0.01,0
1751,3082.5,9194,0.01,0
1752,1994.375,5356,0.01,0
1753,455.0,1674,0.01,0
1754,2481.625,5590,0.01,0
1755,1880.625,4570,0.01,0
1756,648.125,3953,0.01,0
1757,635.25,1567,0.01,0
1758,1508.875,5649,0.01,0
1759,2446.5,5874,0.01,0
1760,707.625,6171,0.01,0
1761,1460.5,9905,0.01,0
1762,2917.375,12560,0.01,0
1763,2167.375,4835,0.01,0
1764,3418.75,7874,0.01,0
1765,1768.0,5383,0.01,0
1766,819.25,2879,0.01,0
1767,4262.75,12463,0.01,0
1768,1828.75,6074,0.01,0
1769,1590.375,3485,0.01,0
1770,1522.875,5052,0.01,0
1771,1512.75,4402,0.01,0
1772,362.0,1680,0.01,0
1773,1623.125,5331,0.01,0
1774,974.125,3685,0.01,0
1775,2104.5,5550,0.01,0
1776,1519.0,3862,0.01,0
1777,1958.375,5838,0.01,0
1778,1592.75,5722,0.01,0
1779,1521.25,6991,0.01,0
1780,2345.75,7902,0.01,0
1781,874.125,3212,0.01,0
1782,911.375,3843,0.01,0
1783,1223.625,4166,0.01,0
1784,2469.625,8118,0.01,0
1785,423.625,7255,0.01,0
1786,3760.625,16387,0.01,0
1787,1692.0,4237,0.01,0
1788,871.625,1556,0.01,0
1789,1047.5,4983,0.01,0
1790,363.375,1181,0.01,0
1791,1861.5,4688,0.01,0
1792,778.875,4364,0.01,0
1793,1995.875,4775,0.01,0
1794,2563.5,5378,0.01,0
1795,1176.25,3226,0.01,0
1796,2779.375,5845,0.01,0
1797,2188.625,5015,0.01,0
1798,2695.25,6684,0.01,0
1799,674.5,3303,0.01,0
1800,1087.375,3513,0.01,0
1801,1467.125,3106,0.01,0
1802,1845.75,4347,0.01,0
1803,643.625,3307,0.01,0
1804,1291.75,3779,0.01,0
1805,3523.25,9821,0.01,0
1806,3839.125,6991,0.01,0
1807,2574.625,6029,0.01,0
1808,1440.5,3166,0.01,0
1809,1982.75,3966,0.01,0
1810,4067.875,9296,0.01,0
1811,1336.625,4045,0.01,0
1812,1938.625,4711,0.01,0
1813,930.625,2649,0.01,0
1814,2208.375,5387,0.01,0
1815,1582.125,4854,0.01,0
1816,355.875,3453,0.01,0
1817,1900.5,5337,0.01,0
1818,2662.5,6186,0.01,0
1819,1497.125,3748,0.01,0
1820,2014.875,6059,0.01,0
1821,2355.5,5584,0.01,0
1822,1025.375,4590,0.01,0
1823,2082.75,6760,0.01,0
1824,1630.125,4303,0.01,0
1825,1642.875,4620,0.01,0
1826,1908.25,5616,0.01,0
1827,1054.0,2856,0.01,0
1828,2234.125,5653,0.01,0
1829,868.125,2857,0.01,0
1830,1655.75,9280,0.01,0
1831,678.5,4163,0.01,0
1832,3690.625,7357,0.01,0
1833,1791.75,4563,0.01,0
1834,1167.375,3758,0.01,0
1835,1605.5,5326,0.01,0
1836,928.125,2319,0.01,0
1837,3915.375,8775,0.01,0
1838,3757.5,9319,0.01,0
1839,444.5,1136,0.01,0
1840,938.5,2548,0.01,0
1841,518.5,4504,0.01,0
1842,1966.375,5153,0.01,0
1843,2234.125,7497,0.01,0
1844,1684.0,5858,0.01,0
1845,2289.25,6454,0.01,0
1846,1408.125,3920,0.01,0
1847,1119.875,4694,0.01,0
1848,1629.875,4341,0.01,0
1849,1932.5,5275,0.01,0
1850,1056.75,3388,0.01,0
1851,2017.75,5498,0.01,0
1852,799.875,3898,0.01,0
1853,516.5,2874,0.01,0
1854,511.75,2058,0.01,0
1855,1153.75,4767,0.01,0
1856,1206.75,4716,0.01,0
1857,1648.25,4580,0.01,0
1858,1515.0,4283,0.01,0
1859,311.125,1617,0.01,0
1860,1345.125,4638,0.01,0
1861,1902.5,5499,0.01,0
1862,1296.25,4459,0.01,0
1863,819.75,2761,0.01,0
1864,749.0,1824,0.01,0
1865,3167.0,12481,0.01,0
1866,2714.625,6527,0.01,0
1867,1966.0,4605,0.01,0
1868,1312.75,3574,0.01,0
1869,2211.5,5388,0.01,0
1870,1894.25,4954,0.01,0
1871,300.25,1219,0.01,0
1872,2017.125,6796,0.01,0
1873,2282.25,7927,0.01,0
1874,1308.375,3846,0.01,0
1875,2538.25,6422,0.01,0
1876,1853.0,5315,0.01,0
1877,1839.875,4148,0.01,0
1878,1679.0,3937,0.01,0
1879,2717.75,6756,0.01,0
1880,813.5,2066,0.01,0
1881,2408.5,7434,0.01,0
1882,1823.125,3974,0.01,0
1883,1893.875,6468,0.01,0
1884,3052.75,9714,0.01,0
1885,-561.625,7251,0.01,0
1886,4708.25,9323,0.01,0
1887,2537.0,7624,0.01,0
1888,930.5,2216,0.01,0
1889,2369.0,5200,0.01,0
1890,678.75,2286,0.01,0
1891,3480.75,6926,0.01,0
1892,2502.0,5420,0.01,0
1893,727.125,2976,0.01,0
1894,2113.25,3996,0.01,0
1895,1850.875,7206,0.01,0
1896,1309.375,4816,0.01,0
1897,1411.0,3363,0.01,0
1898,2962.125,5912,0.01,0
1899,1385.375,6406,0.01,0
1900,2709.375,8785,0.01,0
1901,1394.125,4330,0.01,0
1902,3966.875,10516,0.01,0
1903,4118.5,10862,0.01,0
1904,1977.5,6310,0.01,0
1905,2636.875,5667,0.01,0
1906,3098.125,7597,0.01,0
1907,58.125,6888,0.01,0
1908,1950.125,9764,0.01,0
1909,1198.5,5512,0.01,0
1910,1070.125,4667,0.01,0
1911,241.625,2356,0.01,0
1912,2733.0,11713,0.01,0
1913,1376.25,3773,0.01,0
1914,2670.0,5948,0.01,0
1915,2231.875,9674,0.01,0
1916,1169.625,5965,0.01,0
1917,616.25,2200,0.01,0
1918,2037.125,5137,0.01,0
1919,3478.625,9098,0.01,0
1920,1898.0,5447,0.01,0
1921,2431.25,6465,0.01,0
1922,2864.875,8853,0.01,0
1923,856.25,3490,0.01,0
1924,1464.75,4230,0.01,0
1925,2699.125,7187,0.01,0
1926,4483.75,10113,0.01,0
1927,1083.125,5051,0.01,0
1928,1611.5,4526,0.01,0
1929,1350.0,3316,0.01,0
1930,2952.75,6640,0.01,0
1931,3150.75,5134,0.01,0
1932,2839.375,8428,0.01,0
1933,1147.125,4762,0.01,0
1934,1003.0,4947,0.01,0
1935,2687.25,7150,0.01,0
1936,333.75,3844,0.01,0
1937,3047.875,7413,0.01,0
1938,2566.75,8087,0.01,0
1939,2090.875,4381,0.01,0
1940,201.625,803,0.01,0
1941,747.5,2835,0.01,0
1942,1553.75,6490,0.01,0
1943,2374.125,7753,0.01,0
1944,688.375,4135,0.01,0
1945,1045.875,2685,0.01,0
1946,654.625,3282,0.01,0
1947,1855.75,4314,0.01,0
1948,2853.625,5628,0.01,0
1949,3784.375,8857,0.01,0
1950,2582.125,4936,0.01,0
1951,1082.75,3946,0.01,0
1952,1201.875,3360,0.01,0
1953,1086.625,2032,0.01,0
1954,2085.25,4023,0.01,0
1955,1314.375,5297,0.01,0
1956,2271.875,9380,0.01,0
1957,1562.625,4856,0.01,0
1958,1469.0,10287,0.01,0
1959,941.25,4225,0.01,0
1960,1581.75,7517,0.01,0
1961,865.625,5616,0.01,0
1962,1588.875,7039,0.01,0
1963,717.5,3224,0.01,0
1964,601.5,3260,0.01,0
1965,2110.625,5815,0.01,0
1966,506.75,4732,0.01,0
1967,1715.375,3143,0.01,0
1968,2252.375,6959,0.01,0
1969,2009.5,6945,0.01,0
1970,1682.0,6247,0.01,0
1971,711.0,2631,0.01,0
1972,1579.625,3268,0.01,0
1973,1583.0,3297,0.01,0
1974,1918.0,6686,0.01,0
1975,1929.5,8818,0.01,0
1976,5044.875,10398,0.01,0
1977,2532.375,5679,0.01,0
1978,872.375,2808,0.01,0
1979,1686.875,6434,0.01,0
1980,2029.625,3645,0.01,0
1981,1445.375,5066,0.01,0
1982,3148.5,6582,0.01,0
1983,3863.5,10156,0.01,0
1984,5910.875,11063,0.01,0
1985,2305.25,7904,0.01,0
1986,936.5,2422,0.01,0
1987,1781.625,4420,0.01,0
1988,1181.5,6453,0.01,0
1989,1107.875,3084,0.01,0
1990,755.25,2512,0.01,0
1991,1686.375,3767,0.01,0
1992,3490.125,9455,0.01,0
1993,2692.5,7095,0.01,0
1994,4299.125,10632,0.01,0
1995,2443.0,5209,0.01,0
1996,579.5,7698,0.01,0
1997,1511.375,6016,0.01,0
1998,613.75,2095,0.01,0
1999,736.125,2191,0.01,0
2000,2057.875,7602,0.01,0
2001,1705.625,6955,0.01,0
2002,2541.0,5625,0.01,0
2003,2168.75,7244,0.01,0
2004,1286.375,7084,0.01,0
2005,3753.5,10547,0.01,0
2006,2472.25,6740,0.01,0
2007,1832.375,5199,0.01,0
2008,1830.75,4658,0.01,0
2009,1852.0,5255,0.01,0
2010,1185.625,5472,0.01,0
2011,1783.375,5940,0.01,0
2012,2000.25,8905,0.01,0
2013,1680.625,5749,0.01,0
2014,1612.625,8347,0.01,0
2015,3055.625,7769,0.01,0
2016,967.25,5789,0.01,0
2017,3061.25,6910,0.01,0
2018,1042.125,3310,0.01,0
2019,-212.5,7356,0.01,0
2020,1235.125,5345,0.01,0
2021,2354.75,6605,0.01,0
2022,647.75,4135,0.01,0
2023,791.375,4173,0.01,0
2024,2580.0,10109,0.01,0
2025,1564.0,4945,0.01,0
2026,948.25,3241,0.01,0
2027,638.25,3094,0.01,0
2028,722.75,4423,0.01,0
2029,5631.25,18982,0.01,0
2030,2617.375,5286,0.01,0
2031,2384.375,6651,0.01,0
2032,1953.375,4760,0.01,0
2033,470.25,5308,0.01,0
2034,1386.25,5576,0.01,0
2035,962.75,2053,0.01,0
2036,1734.625,6769,0.01,0
2037,2395.875,11209,0.01,0
2038,1250.625,2997,0.01,0
2039,805.0,5009,0.01,0
2040,1820.5,6251,0.01,0
2041,2481.875,5681,0.01,0
2042,2158.125,5735,0.01,0
2043,1375.125,5619,0.01,0
2044,852.25,4694,0.01,0
2045,1687.125,3653,0.01,0
2046,1187.25,4442,0.01,0
2047,1960.75,4305,0.01,0
2048,2554.625,8091,0.01,0
2049,2961.5,6422,0.01,0
2050,2873.375,8361,0.01,0
2051,1380.875,6765,0.01,0
2052,1486.75,3402,0.01,0
2053,2962.75,9130,0.01,0
2054,2035.625,5447,0.01,0
2055,2246.625,5097,0.01,0
2056,363.5,3041,0.01,0
2057,1357.125,6000,0.01,0
2058,2450.25,5838,0.01,0
2059,1142.625,3871,0.01,0
2060,2209.0,5719,0.01,0
2061,1906.5,7657,0.01,0
2062,1069.125,3359,0.01,0
2063,3561.375,10426,0.01,0
2064,1473.0,3354,0.01,0
2065,2359.875,8635,0.01,0
2066,1547.375,4661,0.01,0
2067,1269.125,5101,0.01,0
2068,1139.5,4940,0.01,0
2069,1623.875,5054,0.01,0
2070,484.0,5336,0.01,0
2071,2142.25,4625,0.01,0
2072,302.0,1391,0.01,0
2073,958.5,7386,0.01,0
2074,678.5,3111,0.01,0
2075,1616.25,5993,0.01,0
2076,658.5,3546,0.01,0
2077,1017.0,3598,0.01,0
2078,546.25,3014,0.01,0
2079,1941.125,10339,0.01,0
2080,1144.625,6928,0.01,0
2081,2700.0,7256,0.01,0
2082,2114.5,5233,0.01,0
2083,3516.5,8187,0.01,0
2084,3712.25,12163,0.01,0
2085,1760.75,6041,0.01,0
2086,1229.0,4822,0.01,0
2087,1652.875,3115,0.01,0
2088,3226.5,7803,0.01,0
2089,844.0,3609,0.01,0
2090,2045.5,6664,0.01,0
2091,960.125,4543,0.01,0
2092,898.875,7524,0.01,0
2093,1218.125,4067,0.01,0
2094,2216.25,7313,0.01,0
2095,1660.5,4634,0.01,0
2096,1798.25,5001,0.01,0
2097,2265.25,8283,0.01,0
2098,2227.875,6978,0.01,0
2099,1861.375,3375,0.01,0
2100,1529.0,4280,0.01,0
2101,2467.375,5854,0.01,0
2102,1877.75,3946,0.01,0
2103,1913.875,7807,0.01,0
2104,2129.25,8322,0.01,0
2105,1276.0,5204,0.01,0
2106,936.125,4382,0.01,0
2107,1142.25,2650,0.01,0
2108,840.5,2842,0.01,0
2109,869.0,3133,0.01,0
2110,772.25,3097,0.01,0
2111,1428.875,4572,0.01,0
2112,1233.25,4690,0.01,0
2113,1023.375,3767,0.01,0
2114,992.375,3153,0.01,0
2115,4159.875,6749,0.01,0
2116,2178.25,6489,0.01,0
2117,1359.25,3063,0.01,0
2118,1749.625,4080,0.01,0
2119,1839.75,6424,0.01,0
2120,1033.0,3516,0.01,0
2121,2062.75,3695,0.01,0
2122,632.0,2362,0.01,0
2123,3571.5,10547,0.01,0
2124,1561.25,4726,0.01,0
2125,2733.25,9911,0.01,0
2126,1677.0,6546,0.01,0
2127,1846.875,4623,0.01,0
2128,1860.5,11214,0.01,0
2129,792.625,3151,0.01,0
2130,2454.875,4741,0.01,0
2131,1682.375,8336,0.01,0
2132,497.0,1504,0.01,0
2133,1167.625,3278,0.01,0
2134,3085.125,8431,0.01,0
2135,2754.75,5742,0.01,0
2136,894.375,2568,0.01,0
2137,2890.875,8270,0.01,0
2138,672.25,2105,0.01,0
2139,1789.0,8288,0.01,0
2140,1334.0,3348,0.01,0
2141,1653.75,7767,0.01,0
2142,1359.375,5775,0.01,0
2143,701.625,2093,0.01,0
2144,3543.375,9502,0.01,0
2145,1612.125,5273,0.01,0
2146,2097.5,5300,0.01,0
2147,2099.75,6683,0.01,0
2148,541.875,4004,0.01,0
2149,2370.125,6844,0.01,0
2150,2380.625,4858,0.01,0
2151,826.375,6898,0.01,0
2152,-23.75,2301,0.01,0
2153,1835.25,6147,0.01,0
2154,1065.0,8974,0.01,0
2155,2544.25,7231,0.01,0
2156,1701.125,4882,0.01,0
2157,3514.25,11268,0.01,0
2158,2030.75,5766,0.01,0
2159,1784.5,4914,0.01,0
2160,1299.875,3116,0.01,0
2161,6455.375,13516,0.01,0
2162,662.75,3453,0.01,0
2163,1462.375,6192,0.01,0
2164,1052.5,6894,0.01,0
2165,1645.125,3736,0.01,0
2166,1399.0,5617,0.01,0
2167,1662.875,5868,0.01,0
2168,1271.375,5517,0.01,0
2169,1101.25,5477,0.01,0
2170,824.5,5811,0.01,0
2171,1926.0,5962,0.01,0
2172,1751.75,3859,0.01,0
2173,1795.25,6174,0.01,0
2174,238.25,4090,0.01,0
2175,2575.125,6252,0.01,0
2176,1922.0,6416,0.01,0
2177,2434.625,7282,0.01,0
2178,2935.75,8377,0.01,0
2179,1760.5,5180,0.01,0
2180,593.25,4310,0.01,0
2181,1971.25,6649,0.01,0
2182,3142.0,10844,0.01,0
2183,2313.125,4154,0.01,0
2184,641.0,2991,0.01,0
2185,1947.375,3907,0.01,0
2186,1448.875,5416,0.01,0
2187,1398.625,6877,0.01,0
2188,664.875,2527,0.01,0
2189,1693.5,4180,0.01,0
2190,782.625,2701,0.01,0
2191,874.75,4094,0.01,0
2192,1442.875,4266,0.01,0
2193,284.125,2650,0.01,0
2194,1081.875,2631,0.01,0
2195,1593.25,3855,0.01,0
2196,1272.25,4427,0.01,0
2197,1147.5,5516,0.01,0
2198,3040.5,7656,0.01,0
2199,1564.0,9689,0.01,0
2200,3063.625,9174,0.01,0
2201,2810.625,7789,0.01,0
2202,1505.375,5139,0.01,0
2203,2474.25,9017,0.01,0
2204,2585.5,7403,0.01,0
2205,2330.5,5730,0.01,0
2206,1610.0,7306,0.01,0
2207,1515.0,5267,0.01,0
2208,2939.375,9087,0.01,0
2209,1471.25,5062,0.01,0
2210,1342.75,2962,0.01,0
2211,1548.75,3650,0.01,0
2212,1597.75,6633,0.01,0
2213,2675.625,10604,0.01,0
2214,1892.125,7261,0.01,0
2215,1326.625,3284,0.01,0
2216,1585.0,6542,0.01,0
2217,843.625,2660,0.01,0
2218,2237.75,4322,0.01,0
2219,1994.25,5233,0.01,0
2220,2851.0,9959,0.01,0
2221,1072.25,4228,0.01,0
2222,1689.375,3702,0.01,0
2223,4628.375,11464,0.01,0
2224,2270.625,8687,0.01,0
2225,1076.375,2118,0.01,0
2226,795.5,2395,0.01,0
2227,1237.125,6151,0.01,0
2228,1693.375,4907,0.01,0
2229,1369.5,2949,0.01,0
2230,1495.75,7050,0.01,0
2231,1284.625,5533,0.01,0
2232,1621.25,6259,0.01,0
2233,810.125,2335,0.01,0
2234,1035.75,3216,0.01,0
2235,2159.375,12729,0.01,0
2236,736.375,3887,0.01,0
2237,1403.125,5783,0.01,0
2238,2024.0,7348,0.01,0
2239,1485.875,4922,0.01,0
2240,2696.5,5813,0.01,0
2241,2227.625,5515,0.01,0
2242,1559.375,5329,0.01,0
2243,2694.125,7879,0.01,0
2244,2890.125,9100,0.01,0
2245,1905.5,3988,0.01,0
2246,2250.5,5396,0.01,0
2247,2359.0,12427,0.01,0
2248,1746.875,7249,0.01,0
2249,3945.0,8888,0.01,0
2250,1274.5,4060,0.01,0
2251,1154.125,2692,0.01,0
2252,3153.25,8217,0.01,0
2253,1708.25,3763,0.01,0
2254,2305.125,7053,0.01,0
2255,2599.0,6215,0.01,0
2256,2914.125,11876,0.01,0
2257,1655.375,5422,0.01,0
2258,550.375,3157,0.01,0
2259,1078.5,4974,0.01,0
2260,1121.75,4905,0.01,0
2261,1422.625,5296,0.01,0
2262,2234.625,5516,0.01,0
2263,1407.625,10503,0.01,0
2264,2087.75,5680,0.01,0
2265,-426.375,5751,0.01,0
2266,1216.0,6807,0.01,0
2267,818.25,3418,0.01,0
2268,469.5,2113,0.01,0
2269,1888.5,4629,0.01,0
2270,3369.875,10611,0.01,0
2271,1892.625,3528,0.01,0
2272,2509.625,8488,0.01,0
2273,36.5,3687,0.01,0
2274,1807.375,4595,0.01,0
2275,1513.0,4471,0.01,0
2276,3321.0,7213,0.01,0
2277,2371.0,3956,0.01,0
2278,2450.75,6724,0.01,0
2279,1572.75,6232,0.01,0
2280,2211.25,4981,0.01,0
2281,3337.875,7773,0.01,0
2282,1196.5,2904,0.01,0
2283,1286.25,4708,0.01,0
2284,1418.625,7057,0.01,0
2285,2595.875,11179,0.01,0
2286,588.625,2474,0.01,0
2287,2576.375,6957,0.01,0
2288,755.375,3351,0.01,0
2289,1475.5,2547,0.01,0
2290,3339.875,6649,0.01,0
2291,3025.625,6563,0.01,0
2292,1713.25,4763,0.01,0
2293,2351.0,5586,0.01,0
2294,870.25,3808,0.01,0
2295,785.5,3951,0.01,0
2296,2013.5,4606,0.01,0
2297,3360.25,8431,0.01,0
2298,3741.875,10621,0.01,0
2299,2128.875,5190,0.01,0
2300,2447.875,5314,0.01,0
2301,478.625,2737,0.01,0
2302,1982.625,4593,0.01,0
2303,2299.875,5249,0.01,0
2304,2637.5,7583,0.01,0
2305,2063.0,4487,0.01,0
2306,1528.625,3673,0.01,0
2307,1258.125,3263,0.01,0
2308,2440.25,7121,0.01,0
2309,1475.0,6408,0.01,0
2310,835.75,1709,0.01,0
2311,2455.75,5492,0.01,0
2312,960.625,4525,0.01,0
2313,2562.5,6234,0.01,0
2314,3205.375,6967,0.01,0
2315,1663.375,7006,0.01,0
2316,1600.0,4235,0.01,0
2317,1610.625,5324,0.01,0
2318,5844.25,11267,0.01,0
2319,964.75,2654,0.01,0
2320,1740.5,4811,0.01,0
2321,2801.0,6009,0.01,0
2322,3068.75,9842,0.01,0
2323,3854.0,8555,0.01,0
2324,2134.0,4398,0.01,0
2325,2044.5,5145,0.01,0
2326,3534.625,7301,0.01,0
2327,1758.125,4273,0.01,0
2328,2909.875,15327,0.01,0
2329,2254.625,8503,0.01,0
2330,1436.875,4486,0.01,0
2331,1371.5,3713,0.01,0
2332,1180.75,4883,0.01,0
2333,3067.5,8445,0.01,0
2334,3195.875,11274,0.01,0
2335,1832.875,6657,0.01,0
2336,2279.0,8213,0.01,0
2337,3097.375,9803,0.01,0
2338,2133.75,7852,0.01,0
2339,2826.625,7105,0.01,0
2340,488.75,4232,0.01,0
2341,336.5,2823,0.01,0
2342,1705.875,6557,0.01,0
2343,1229.375,3367,0.01,0
2344,1385.75,7615,0.01,0
2345,1647.5,6414,0.01,0
2346,1694.5,7035,0.01,0
2347,2368.0,7141,0.01,0
2348,2395.0,4440,0.01,0
2349,340.625,1985,0.01,0
2350,4102.0,8685,0.01,0
2351,2508.625,4889,0.01,0
2352,1769.25,6226,0.01,0
2353,1807.25,8503,0.01,0
2354,5616.125,12069,0.01,0
2355,1959.625,4780,0.01,0
2356,1497.25,3701,0.01,0
2357,1488.0,8071,0.01,0
2358,2714.5,12416,0.01,0
2359,1441.5,5637,0.01,0
2360,2209.625,8935,0.01,0
2361,737.75,5225,0.01,0
2362,1250.75,4159,0.01,0
2363,812.125,4346,0.01,0
2364,2474.0,4919,0.01,0
2365,3411.75,12603,0.01,0
2366,2954.25,11980,0.01,0
2367,760.875,3043,0.01,0
2368,1941.5,5768,0.01,0
2369,787.875,3305,0.01,0
2370,5337.0,9200,0.01,0
2371,1584.625,6108,0.01,0
2372,1816.375,7821,0.01,0
2373,2297.625,5472,0.01,0
2374,539.625,5680,0.01,0
2375,2694.0,10131,0.01,0
2376,763.25,2170,0.01,0
2377,1271.25,6929,0.01,0
2378,3729.0,8162,0.01,0
2379,1518.0,5487,0.01,0
2380,2564.375,8556,0.01,0
2381,175.125,6603,0.01,0
2382,1332.875,5163,0.01,0
2383,1538.125,4336,0.01,0
2384,371.5,2458,0.01,0
2385,711.25,4040,0.01,0
2386,2349.75,7557,0.01,0
2387,1335.5,2378,0.01,0
2388,1042.875,2839,0.01,0
2389,2144.5,7294,0.01,0
2390,3056.5,7059,0.01,0
2391,1349.25,3491,0.01,0
2392,1923.625,5761,0.01,0
2393,1753.625,4361,0.01,0
2394,2056.5,4044,0.01,0
2395,1949.0,4916,0.01,0
2396,1318.625,4020,0.01,0
2397,3793.125,9538,0.01,0
2398,2778.875,8176,0.01,0
2399,2697.75,7388,0.01,0
2400,3584.5,7607,0.01,0
2401,1139.625,3008,0.01,0
2402,1590.375,6504,0.01,0
2403,-521.0,10171,0.01,0
2404,577.5,4901,0.01,0
2405,1473.25,6528,0.01,0
2406,2652.125,8570,0.01,0
2407,968.0,2476,0.01,0
2408,2167.625,5501,0.01,0
2409,828.25,3669,0.01,0
2410,2801.375,8501,0.01,0
2411,6683.375,20985,0.01,0
2412,2904.625,8352,0.01,0
2413,1653.125,4514,0.01,0
2414,3032.75,6823,0.01,0
2415,1372.125,5572,0.01,0
2416,1430.875,4206,0.01,0
2417,2582.375,5075,0.01,0
2418,2553.875,7305,0.01,0
2419,2243.125,4428,0.01,0
2420,271.125,3450,0.01,0
2421,1212.375,4095,0.01,0
2422,3107.625,10318,0.01,0
2423,3971.25,9148,0.01,0
2424,1447.625,8837,0.01,0
2425,1714.25,4446,0.01,0
2426,1675.0,8327,0.01,0
2427,2580.5,8700,0.01,0
2428,3242.75,8617,0.01,0
2429,2542.5,5228,0.01,0
2430,331.625,711,0.01,0
2431,900.375,4908,0.01,0
2432,1466.375,5543,0.01,0
2433,2913.5,7866,0.01,0
2434,1301.5,6358,0.01,0
2435,1938.625,6327,0.01,0
2436,1087.625,3189,0.01,0
2437,3531.5,10110,0.01,0
2438,2488.875,9843,0.01,0
2439,449.375,3605,0.01,0
2440,1350.875,5309,0.01,0
2441,2066.875,5988,0.01,0
2442,3265.75,11749,0.01,0
2443,608.0,3452,0.01,0
2444,2136.375,7525,0.01,0
2445,1461.875,3650,0.01,0
2446,2308.375,5449,0.01,0
2447,1602.625,5926,0.01,0
2448,1824.5,9555,0.01,0
2449,1542.25,7821,0.01,0
2450,673.375,5225,0.01,0
2451,548.0,7838,0.01,0
2452,72.5,8040,0.01,0
2453,4345.125,10734,0.01,0
2454,1582.625,3569,0.01,0
2455,1811.0,5166,0.01,0
2456,4072.75,10467,0.01,0
2457,995.5,2226,0.01,0
2458,2580.5,5929,0.01,0
2459,667.25,2367,0.01,0
2460,1827.375,7192,0.01,0
2461,3975.5,8284,0.01,0
2462,983.25,3143,0.01,0
2463,1891.25,6323,0.01,0
2464,1078.0,3919,0.01,0
2465,3868.75,8171,0.01,0
2466,2233.625,7256,0.01,0
2467,1274.0,3789,0.01,0
2468,507.0,2208,0.01,0
2469,3146.0,8408,0.01,0
2470,1245.625,3440,0.01,0
2471,2569.375,8714,0.01,0
2472,3219.875,10940,0.01,0
2473,2074.0,7701,0.01,0
2474,3286.375,7584,0.01,0
2475,2573.875,6100,0.01,0
2476,3323.5,7582,0.01,0
2477,3285.5,7282,0.01,0
2478,1439.875,3305,0.01,0
2479,3867.125,7412,0.01,0
2480,3018.75,9143,0.01,0
2481,1944.25,5856,0.01,0
2482,1873.5,5990,0.01,0
2483,681.0,4710,0.01,0
2484,1372.0,2697,0.01,0
2485,591.25,2127,0.01,0
2486,3593.375,6714,0.01,0
2487,2737.375,6703,0.01,0
2488,693.5,4861,0.01,0
2489,414.0,2202,0.01,0
2490,1610.875,7125,0.01,0
2491,2326.5,7364,0.01,0
2492,1455.125,3809,0.01,0
2493,1753.125,6777,0.01,0
2494,2318.375,7010,0.01,0
2495,981.0,2364,0.01,0
2496,1204.5,3408,0.01,0
2497,5068.0,8762,0.01,0
2498,4441.5,10700,0.01,0
2499,2713.125,7466,0.01,0
2500,2593.375,9589,0.01,0
2501,1051.0,4683,0.01,0
2502,3166.875,7516,0.01,0
2503,745.25,3636,0.01,0
2504,1352.5,4512,0.01,0
2505,1232.125,3858,0.01,0
2506,1034.25,2223,0.01,0
2507,2066.875,6011,0.01,0
2508,4424.5,8478,0.01,0
2509,1015.375,3369,0.01,0
2510,4612.5,8620,0.01,0
2511,2029.125,4250,0.01,0
2512,1899.0,4550,0.01,0
2513,1622.75,4657,0.01,0
2514,4551.125,10675,0.01,0
2515,495.75,1923,0.01,0
2516,2446.875,6152,0.01,0
2517,2035.25,4515,0.01,0
2518,2428.0,5006,0.01,0
2519,690.75,3790,0.01,0
2520,335.0,4661,0.01,0
2521,2259.375,7428,0.01,0
2522,3981.25,6439,0.01,0
2523,1008.625,5470,0.01,0
2524,876.5,2344,0.01,0
2525,1497.375,4870,0.01,0
2526,1159.0,2980,0.01,0
2527,1140.25,2628,0.01,0
2528,1171.625,2866,0.01,0
2529,1209.875,4000,0.01,0
2530,2514.125,5429,0.01,0
2531,1066.5,2766,0.01,0
2532,2379.875,5298,0.01,0
2533,1657.25,4313,0.01,0
2534,1848.125,5878,0.01,0
2535,1131.25,7278,0.01,0
2536,2695.625,10111,0.01,0
2537,2358.875,8330,0.01,0
2538,1556.625,3828,0.01,0
2539,2273.125,10349,0.01,0
2540,4638.125,9707,0.01,0
2541,1477.5,5594,0.01,0
2542,2375.625,7282,0.01,0
2543,2865.375,7731,0.01,0
2544,2402.625,7001,0.01,0
2545,476.75,2348,0.01,0
2546,1350.0,3443,0.01,0
2547,3690.75,10122,0.01,0
2548,2434.875,7630,0.01,0
2549,1477.75,5260,0.01,0
2550,2980.75,8304,0.01,0
2551,1118.25,1907,0.01,0
2552,2311.0,5377,0.01,0
2553,1987.75,9509,0.01,0
2554,5386.375,11159,0.01,0
2555,2750.625,5389,0.01,0
2556,2566.25,6291,0.01,0
2557,3573.125,10007,0.01,0
2558,2337.0,6520,0.01,0
2559,3805.0,7863,0.01,0
2560,2907.5,6809,0.01,0
2561,3275.625,6476,0.01,0
2562,2172.875,4942,0.01,0
2563,1896.0,3527,0.01,0
2564,1682.5,8332,0.01,0
2565,1483.875,3373,0.01,0
2566,689.0,4899,0.01,0
2567,1878.875,6161,0.01,0
2568,1648.5,5803,0.01,0
2569,1803.0,9235,0.01,0
2570,2804.75,8471,0.01,0
2571,2352.875,6270,0.01,0
2572,2518.125,8215,0.01,0
2573,755.75,3068,0.01,0
2574,1686.875,3606,0.01,0
2575,3541.875,9589,0.01,0
2576,1471.5,4267,0.01,0
2577,719.25,4445,0.01,0
2578,1708.875,4366,0.01,0
2579,1267.125,3653,0.01,0
2580,3524.25,9570,0.01,0
2581,488.0,2726,0.01,0
2582,2100.375,7722,0.01,0
2583,2054.125,5771,0.01,0
2584,1694.0,5955,0.01,0
2585,2353.75,4587,0.01,0
2586,1628.0,9260,0.01,0
2587,649.875,4711,0.01,0
2588,3592.125,7029,0.01,0
2589,1232.0,3434,0.01,0
2590,1675.5,5474,0.01,0
2591,1387.75,3534,0.01,0
2592,433.75,2858,0.01,0
2593,3337.0,7867,0.01,0
2594,2803.75,10671,0.01,0
2595,1566.625,5974,0.01,0
2596,1650.25,6979,0.01,0
2597,2593.375,5147,0.01,0
2598,2504.5,6966,0.01,0
2599,2246.75,6995,0.01,0
2600,2645.75,7218,0.01,0
2601,2648.375,6935,0.01,0
2602,1502.625,5485,0.01,0
2603,2329.0,5954,0.01,0
2604,2619.25,5801,0.01,0
2605,2389.625,5691,0.01,0
2606,2642.125,6421,0.01,0
2607,919.25,2848,0.01,0
2608,5086.5,15479,0.01,0
2609,2556.875,5699,0.01,0
2610,1777.625,4961,0.01,0
2611,5046.625,11332,0.01,0
2612,2147.125,3982,0.01,0
2613,1580.875,5222,0.01,0
2614,1151.0,5299,0.01,0
2615,2905.875,9954,0.01,0
2616,1840.75,4901,0.01,0
2617,1538.375,4681,0.01,0
2618,2860.125,9751,0.01,0
2619,1666.25,5959,0.01,0
2620,1215.625,6401,0.01,0
2621,751.125,3066,0.01,0
2622,2092.25,11265,0.01,0
2623,168.875,4926,0.01,0
2624,3420.625,8208,0.01,0
2625,1927.625,5866,0.01,0
2626,1410.125,3384,0.01,0
2627,3976.75,12485,0.01,0
2628,2329.75,5533,0.01,0
2629,2604.375,7721,0.01,0
2630,3629.0,8435,0.01,0
2631,3952.875,7330,0.01,0
2632,1143.875,3891,0.01,0
2633,2712.125,5576,0.01,0
2634,2134.25,8012,0.01,0
2635,1752.5,5305,0.01,0
2636,1045.0,3060,0.01,0
2637,1713.625,8019,0.01,0
2638,976.5,4236,0.01,0
2639,1706.0,4294,0.01,0
2640,803.875,3154,0.01,0
2641,2498.0,5607,0.01,0
2642,2248.5,6787,0.01,0
2643,2889.5,10966,0.01,0
2644,2536.25,7077,0.01,0
2645,878.75,4117,0.01,0
2646,1820.25,4427,0.01,0
2647,1056.5,4825,0.01,0
2648,3114.875,13165,0.01,0
2649,1118.625,3227,0.01,0
2650,1747.0,4893,0.01,0
2651,1812.125,4022,0.01,0
2652,957.0,2079,0.01,0
2653,1281.375,3672,0.01,0
2654,2606.125,5391,0.01,0
2655,3311.125,9532,0.01,0
2656,767.0,4131,0.01,0
2657,2061.375,4782,0.01,0
2658,1515.125,4351,0.01,0
2659,985.625,3198,0.01,0
2660,3195.625,6812,0.01,0
2661,1704.5,5554,0.01,0
2662,2444.375,4499,0.01,0
2663,1048.75,4339,0.01,0
2664,1467.0,3466,0.01,0
2665,1624.25,7390,0.01,0
2666,1373.5,7459,0.01,0
2667,2199.5,6691,0.01,0
2668,1173.875,7312,0.01,0
2669,4819.375,10911,0.01,0
2670,1171.25,2572,0.01,0
2671,1630.375,5639,0.01,0
2672,2553.875,5210,0.01,0
2673,1705.75,3763,0.01,0
2674,633.125,3613,0.01,0
2675,1866.625,5206,0.01,0
2676,1354.125,5088,0.01,0
2677,1433.875,3245,0.01,0
2678,2225.0,5177,0.01,0
2679,2051.375,7639,0.01,0
2680,569.875,2815,0.01,0
2681,1613.375,4609,0.01,0
2682,1443.25,4038,0.01,0
2683,1784.0,6467,0.01,0
2684,2655.75,9201,0.01,0
2685,2913.5,9253,0.01,0
2686,3115.875,6786,0.01,0
2687,2552.25,6288,0.01,0
2688,2779.75,6908,0.01,0
2689,2646.75,6962,0.01,0
2690,247.25,2795,0.01,0
2691,3001.375,8754,0.01,0
2692,1481.875,5250,0.01,0
2693,2430.875,5165,0.01,0
2694,1821.25,5777,0.01,0
2695,1290.125,3591,0.01,0
2696,1941.25,5903,0.01,0
2697,3886.5,9568,0.01,0
2698,2357.125,6421,0.01,0
2699,3677.375,9156,0.01,0
2700,1495.0,5159,0.01,0
2701,1412.0,5647,0.01,0
2702,1366.0,3720,0.01,0
2703,4088.5,11025,0.01,0
2704,2110.25,4218,0.01,0
2705,2893.875,5320,0.01,0
2706,3357.5,9019,0.01,0
2707,900.125,3170,0.01,0
2708,1378.875,5664,0.01,0
2709,1666.125,7295,0.01,0
2710,3197.875,10023,0.01,0
2711,920.25,3433,0.01,0
2712,2581.375,11469,0.01,0
2713,1477.5,5369,0.01,0
2714,1264.25,5672,0.01,0
2715,1423.875,6194,0.01,0
2716,1795.25,7340,0.01,0
2717,925.875,4791,0.01,0
2718,3275.625,10106,0.01,0
2719,2339.75,8727,0.01,0
2720,720.625,3998,0.01,0
2721,789.25,2771,0.01,0
2722,2394.75,6583,0.01,0
2723,651.125,2737,0.01,0
2724,1463.75,4014,0.01,0
2725,115.125,3194,0.01,0
2726,1097.5,8305,0.01,0
2727,1480.5,4466,0.01,0
2728,664.5,3676,0.01,0
2729,856.75,7811,0.01,0
2730,1712.0,6547,0.01,0
2731,797.5,4917,0.01,0
2732,1304.125,3166,0.01,0
2733,1712.0,4265,0.01,0
2734,1913.375,4008,0.01,0
2735,973.5,4108,0.01,0
2736,1843.125,7099,0.01,0
2737,4826.25,12268,0.01,0
2738,1773.375,4677,0.01,0
2739,1495.625,4562,0.01,0
2740,2247.0,8593,0.01,0
2741,1589.375,4909,0.01,0
2742,2142.25,6144,0.01,0
2743,521.75,3696,0.01,0
2744,2439.125,5565,0.01,0
2745,2929.0,7427,0.01,0
2746,810.0,2509,0.01,0
2747,2238.375,9156,0.01,0
2748,2694.0,8766,0.01,0
2749,978.375,4773,0.01,0
2750,1172.125,3500,0.01,0
2751,1027.0,3812,0.01,0
2752,2392.25,9198,0.01,0
2753,1338.125,5077,0.01,0
2754,821.5,2712,0.01,0
2755,1175.125,4607,0.01,0
2756,2479.375,8165,0.01,0
2757,2463.875,7467,0.01,0
2758,1606.125,5054,0.01,0
2759,477.375,2738,0.01,0
2760,2220.625,5467,0.01,0
2761,2660.5,5035,0.01,0
2762,616.5,4175,0.01,0
2763,848.25,2163,0.01,0
2764,1966.125,4496,0.01,0
2765,865.75,2213,0.01,0
2766,725.875,3054,0.01,0
2767,1847.0,4348,0.01,0
2768,1562.125,7154,0.01,0
2769,631.0,2872,0.01,0
2770,2579.25,7769,0.01,0
2771,2860.125,6773,0.01,0
2772,2293.0,5950,0.01,0
2773,1290.875,2774,0.01,0
2774,1329.75,3362,0.01,0
2775,916.5,3763,0.01,0
2776,1332.75,3691,0.01,0
2777,2017.375,5664,0.01,0
2778,884.375,3158,0.01,0
2779,1767.875,7026,0.01,0
2780,1826.375,4623,0.01,0
2781,991.0,6187,0.01,0
2782,609.25,4877,0.01,0
2783,2075.125,3747,0.01,0
2784,2082.25,5693,0.01,0
2785,3361.875,7471,0.01,0
2786,560.25,3377,0.01,0
2787,1094.75,4437,0.01,0
2788,660.625,2959,0.01,0
2789,2547.25,8075,0.01,0
2790,2830.75,6879,0.01,0
2791,2261.5,7285,0.01,0
2792,1669.0,4338,0.01,0
2793,1854.25,5867,0.01,0
2794,3061.0,9123,0.01,0
2795,1211.625,3300,0.01,0
2796,1614.625,5776,0.01,0
2797,1765.875,5962,0.01,0
2798,2234.0,5061,0.01,0
2799,2699.5,7961,0.01,0
2800,2582.875,6587,0.01,0
2801,824.625,3466,0.01,0
2802,1077.0,3722,0.01,0
2803,1040.75,2438,0.01,0
2804,2683.0,7714,0.01,0
2805,2853.125,8286,0.01,0
2806,6423.5,11059,0.01,0
2807,2701.5,7385,0.01,0
2808,2254.0,6299,0.01,0
2809,1000.0,3911,0.01,0
2810,1302.5,3523,0.01,0
2811,2509.375,6236,0.01,0
2812,800.25,2083,0.01,0
2813,2128.375,5339,0.01,0
2814,1079.125,9057,0.01,0
2815,1411.375,3286,0.01,0
2816,194.875,1498,0.01,0
2817,1759.25,3396,0.01,0
2818,3595.625,10110,0.01,0
2819,701.125,1793,0.01,0
2820,1988.875,6535,0.01,0
2821,1220.375,3990,0.01,0
2822,916.75,2851,0.01,0
2823,1308.375,2691,0.01,0
2824,2151.5,7989,0.01,0
2825,2063.25,4945,0.01,0
2826,2055.375,7025,0.01,0
2827,2285.0,5579,0.01,0
2828,184.0,6706,0.01,0
2829,988.375,3638,0.01,0
2830,1237.125,4850,0.01,0
2831,1386.375,4071,0.01,0
2832,1318.75,4223,0.01,0
2833,1973.5,5651,0.01,0
2834,2839.625,8311,0.01,0
2835,2586.625,6994,0.01,0
2836,625.5,2046,0.01,0
2837,716.75,6154,0.01,0
2838,825.25,5833,0.01,0
2839,2333.625,5721,0.01,0
2840,1595.0,4892,0.01,0
2841,2398.75,7105,0.01,0
2842,1531.75,4262,0.01,0
2843,3016.0,8135,0.01,0
2844,1856.0,5956,0.01,0
2845,2505.0,5158,0.01,0
2846,2884.0,6316,0.01,0
2847,1847.875,4007,0.01,0
2848,986.875,11137,0.01,0
2849,3498.0,7022,0.01,0
2850,948.25,3016,0.01,0
2851,1444.0,4681,0.01,0
2852,990.875,4619,0.01,0
2853,1291.75,8535,0.01,0
2854,772.75,4454,0.01,0
2855,772.125,2109,0.01,0
2856,1261.25,3011,0.01,0
2857,723.5,5030,0.01,0
2858,2769.625,5598,0.01,0
2859,1830.75,4462,0.01,0
2860,2597.75,5896,0.01,0
2861,5021.5,9896,0.01,0
2862,3801.625,8223,0.01,0
2863,1052.25,2855,0.01,0
2864,2991.625,5939,0.01,0
2865,3121.625,6660,0.01,0
2866,1909.125,7541,0.01,0
2867,1391.25,6353,0.01,0
2868,1041.375,4674,0.01,0
2869,1939.0,8610,0.01,0
2870,2339.5,7227,0.01,0
2871,987.125,4382,0.01,0
2872,3171.375,6209,0.01,0
2873,2105.75,4739,0.01,0
2874,615.25,1680,0.01,0
2875,1459.625,5361,0.01,0
2876,3433.375,11110,0.01,0
2877,2804.0,8338,0.01,0
2878,1059.375,2570,0.01,0
2879,1527.25,3860,0.01,0
2880,2493.0,4538,0.01,0
2881,1481.875,3596,0.01,0
2882,1532.875,5295,0.01,0
2883,3129.625,9481,0.01,0
2884,1909.625,5209,0.01,0
2885,1015.5,2829,0.01,0
2886,1798.125,3662,0.01,0
2887,911.0,3946,0.01,0
2888,1573.375,4674,0.01,0
2889,1683.875,5397,0.01,0
2890,1783.0,5033,0.01,0
2891,976.125,3678,0.01,0
2892,1115.875,3367,0.01,0
2893,1277.125,4568,0.01,0
2894,1360.75,6149,0.01,0
2895,2677.75,6346,0.01,0
2896,2319.0,6592,0.01,0
2897,2655.0,6038,0.01,0
2898,2011.125,4885,0.01,0
2899,1038.75,4856,0.01,0
2900,1303.875,6369,0.01,0
2901,1183.625,3597,0.01,0
2902,1885.25,6235,0.01,0
2903,1579.875,7006,0.01,0
2904,2078.0,5308,0.01,0
2905,2959.5,9280,0.01,0
2906,642.25,4577,0.01,0
2907,1468.5,4691,0.01,0
2908,3844.0,8687,0.01,0
2909,4094.75,7421,0.01,0
2910,-172.0,4497,0.01,0
2911,636.0,4450,0.01,0
2912,1627.0,6115,0.01,0
2913,2559.625,9209,0.01,0
2914,1330.875,3899,0.01,0
2915,1246.75,4752,0.01,0
2916,2241.625,6351,0.01,0
2917,1449.25,3525,0.01,0
2918,3389.125,11056,0.01,0
2919,1841.875,3553,0.01,0
2920,1605.125,3407,0.01,0
2921,3082.625,5848,0.01,0
2922,2137.75,6261,0.01,0
2923,1796.625,4499,0.01,0
2924,2964.25,8126,0.01,0
2925,5115.625,14879,0.01,0
2926,2281.875,5160,0.01,0
2927,1003.5,3472,0.01,0
2928,1436.75,3946,0.01,0
2929,1097.375,4856,0.01,0
2930,2039.875,6742,0.01,0
2931,1913.5,6543,0.01,0
2932,1322.0,5241,0.01,0
2933,632.5,3801,0.01,0
2934,1263.125,8085,0.01,0
2935,2673.75,5965,0.01,0
2936,2086.0,7785,0.01,0
2937,2902.625,7491,0.01,0
2938,2157.125,5834,0.01,0
2939,4674.75,9154,0.01,0
2940,930.25,2335,0.01,0
2941,1926.0,4942,0.01,0
2942,1288.75,3427,0.01,0
2943,2029.25,4846,0.01,0
2944,2198.75,7048,0.01,0
2945,2041.625,5228,0.01,0
2946,1215.625,3574,0.01,0
2947,1996.5,6592,0.01,0
2948,3202.25,8745,0.01,0
2949,3779.375,8775,0.01,0
2950,2063.0,5678,0.01,0
2951,1066.375,3996,0.01,0
2952,2736.375,6638,0.01,0
2953,1863.5,5457,0.01,0
2954,1467.125,5223,0.01,0
2955,4130.75,12541,0.01,0
2956,3944.375,8857,0.01,0
2957,2329.75,5668,0.01,0
2958,1740.875,2953,0.01,0
2959,2137.375,4571,0.01,0
2960,1253.125,5544,0.01,0
2961,1517.125,10823,0.01,0
2962,3772.375,7213,0.01,0
2963,1378.0,5791,0.01,0
2964,2209.75,4666,0.01,0
2965,2891.75,6806,0.01,0
2966,1275.875,2864,0.01,0
2967,883.25,4589,0.01,0
2968,3206.75,10401,0.01,0
2969,1240.875,5050,0.01,0
2970,2676.375,7408,0.01,0
2971,2745.625,9794,0.01,0
2972,3176.0,6996,0.01,0
2973,2833.375,5216,0.01,0
2974,994.5,2468,0.01,0
2975,976.375,2618,0.01,0
2976,2228.5,4913,0.01,0
2977,828.375,2855,0.01,0
2978,5092.875,11846,0.01,0
